"","lon","lat","elevation","time","temperature","Salinity"
"13",-149.9122364726,-17.5185683928,"5.91",2019-01-09 12:33:42,30.43,27.6327
"14",-149.9123129994,-17.5185292494,"4.46",2019-01-09 12:33:57,30.64,29.3802
"15",-149.9123514723,-17.5185412355,"4.94",2019-01-09 12:34:12,30.72,31.677
"16",-149.9123777915,-17.5186284911,"3.98",2019-01-09 12:34:27,30.74,31.6282
"17",-149.9124070443,-17.5186549779,"4.94",2019-01-09 12:34:42,30.67,31.6819
"18",-149.9123948906,-17.5186258927,"4.46",2019-01-09 12:34:57,30.66,31.6605
"19",-149.9123794679,-17.5186168402,"4.94",2019-01-09 12:35:12,30.7,31.6307
"20",-149.9123837426,-17.5186304189,"4.94",2019-01-09 12:35:27,30.72,31.594
"21",-149.9123736843,-17.5186362863,"4.94",2019-01-09 12:35:42,30.74,31.5612
"22",-149.9123703316,-17.518622037,"4.46",2019-01-09 12:35:57,30.71,31.545
"23",-149.912357172,-17.5186123978,"5.42",2019-01-09 12:36:12,30.74,31.4503
"24",-149.9123223871,-17.5186063629,"4.94",2019-01-09 12:36:27,30.7,31.4407
"25",-149.912252482,-17.5186140742,"5.42",2019-01-09 12:36:42,30.67,31.3419
"26",-149.9122973252,-17.5186652038,"5.42",2019-01-09 12:36:57,30.68,30.5199
"27",-149.912294643,-17.5186857395,"6.39",2019-01-09 12:37:12,30.7,30.4587
"28",-149.9122922961,-17.5186795369,"6.39",2019-01-09 12:37:27,30.57,28.7358
"29",-149.9122950621,-17.5186576601,"5.42",2019-01-09 12:37:42,30.55,28.616
"30",-149.9122944754,-17.5186576601,"5.91",2019-01-09 12:37:57,30.54,29.5531
"32",-149.9122877698,-17.5186566543,"5.42",2019-01-09 12:38:27,30.63,27.6296
"41",-149.9122753646,-17.5186415669,"6.87",2019-01-09 12:40:42,30.42,27.6835
"48",-149.9122748617,-17.5186594203,"7.83",2019-01-09 12:42:27,30.05,22.1405
"55",-149.9122776277,-17.51862715,"7.83",2019-01-09 12:44:12,30.45,31.4733
"56",-149.9122923799,-17.5186171755,"7.83",2019-01-09 12:44:27,30.45,31.234
"57",-149.9122969899,-17.5186098833,"8.79",2019-01-09 12:44:42,30.47,31.5516
"58",-149.9122721795,-17.5186323468,"8.31",2019-01-09 12:44:57,30.45,31.3281
"59",-149.9122717604,-17.518644752,"8.31",2019-01-09 12:45:12,30.32,30.8206
"60",-149.9122782145,-17.518635029,"7.83",2019-01-09 12:45:27,30.4,31.2123
"61",-149.9122661445,-17.5186401419,"7.83",2019-01-09 12:45:42,30.34,30.8311
"62",-149.9122687429,-17.5186487753,"8.31",2019-01-09 12:45:57,30.45,31.0642
"64",-149.9122929666,-17.5186263956,"8.31",2019-01-09 12:46:27,30.42,31.0876
"65",-149.912298331,-17.5186176784,"8.79",2019-01-09 12:46:42,30.39,30.7999
"66",-149.9122782145,-17.5186483562,"8.79",2019-01-09 12:46:57,30.17,30.0267
"67",-149.9123086408,-17.5186991505,"9.27",2019-01-09 12:47:12,30.32,30.6249
"68",-149.912390532,-17.5187283196,"8.79",2019-01-09 12:47:27,30.5,31.5538
"69",-149.9124578387,-17.5187967159,"8.79",2019-01-09 12:47:42,30.5,31.8176
"70",-149.9125103094,-17.5188580714,"9.27",2019-01-09 12:47:57,30.31,31.9105
"71",-149.9125659652,-17.5188843906,"9.27",2019-01-09 12:48:12,30.17,32.1127
"72",-149.9126713257,-17.5189480931,"9.75",2019-01-09 12:48:27,30.08,32.1768
"73",-149.9126976449,-17.5189938582,"10.23",2019-01-09 12:48:42,29.99,32.2249
"74",-149.9126987346,-17.5190035813,"10.23",2019-01-09 12:48:57,29.92,32.2392
"75",-149.9126997404,-17.5190190878,"9.75",2019-01-09 12:49:12,29.88,32.299
"76",-149.9127106369,-17.5190276373,"10.23",2019-01-09 12:49:27,29.86,32.3044
"77",-149.9127082061,-17.5190363545,"10.23",2019-01-09 12:49:42,29.9,32.3104
"78",-149.9127057754,-17.5190067664,"10.23",2019-01-09 12:49:57,29.91,32.2793
"79",-149.9127034284,-17.5190098677,"10.23",2019-01-09 12:50:12,29.89,32.2929
"80",-149.9127134029,-17.5190187525,"10.23",2019-01-09 12:50:27,29.89,32.2767
"81",-149.9127134867,-17.5190108735,"10.23",2019-01-09 12:50:42,29.91,32.2635
"82",-149.9127110559,-17.5190161541,"9.75",2019-01-09 12:50:57,29.93,32.2543
"83",-149.9126913585,-17.5190115441,"9.75",2019-01-09 12:51:12,29.9,32.3401
"84",-149.9126869999,-17.5190250389,"10.23",2019-01-09 12:51:27,29.92,32.3146
"85",-149.912676774,-17.5190162379,"10.23",2019-01-09 12:51:42,29.91,32.2519
"86",-149.9126780313,-17.5190148968,"9.75",2019-01-09 12:51:57,29.97,32.216
"87",-149.9126853235,-17.5190008152,"9.75",2019-01-09 12:52:12,29.96,32.2801
"88",-149.9126859102,-17.5190094486,"10.23",2019-01-09 12:52:27,29.96,32.2557
"89",-149.9126844853,-17.5189989712,"10.23",2019-01-09 12:52:42,29.96,32.2722
"90",-149.9126719963,-17.5190099515,"9.75",2019-01-09 12:52:57,29.94,32.2327
"91",-149.9126629438,-17.5190115441,"10.23",2019-01-09 12:53:12,29.99,32.1994
"92",-149.9126626085,-17.5190134719,"10.71",2019-01-09 12:53:27,29.99,32.2403
"93",-149.9126616865,-17.5190122146,"10.23",2019-01-09 12:53:42,29.97,32.2539
"94",-149.9126537237,-17.5190211833,"10.23",2019-01-09 12:53:57,29.97,32.2051
"95",-149.9126578309,-17.5190252904,"10.23",2019-01-09 12:54:12,30.06,32.1777
"96",-149.9126524664,-17.5190179981,"10.23",2019-01-09 12:54:27,30.12,32.142
"97",-149.9126555678,-17.5190124661,"10.23",2019-01-09 12:54:42,30.14,32.1126
"98",-149.9126672186,-17.519024536,"10.23",2019-01-09 12:54:57,30.12,32.179
"99",-149.9126608483,-17.5190182496,"10.23",2019-01-09 12:55:12,30.07,32.1677
"100",-149.9126553163,-17.5190189201,"10.23",2019-01-09 12:55:27,30.12,32.1021
"101",-149.9126414023,-17.5189991388,"10.23",2019-01-09 12:55:42,30.14,32.1703
"102",-149.9126367923,-17.5189994741,"10.23",2019-01-09 12:55:57,30.08,32.1574
"103",-149.9126317631,-17.5189956184,"9.75",2019-01-09 12:56:12,30.06,32.2036
"104",-149.9126266502,-17.5190003123,"10.23",2019-01-09 12:56:27,30,32.2275
"105",-149.9126286618,-17.5190070178,"10.71",2019-01-09 12:56:42,29.97,32.2355
"106",-149.9126331881,-17.519002324,"11.19",2019-01-09 12:56:57,29.98,32.2208
"107",-149.9126374628,-17.5189977139,"11.19",2019-01-09 12:57:12,29.97,32.2277
"108",-149.9126279913,-17.5190030783,"10.71",2019-01-09 12:57:27,29.98,32.2375
"109",-149.9126419891,-17.5190086942,"10.23",2019-01-09 12:57:42,29.96,32.2225
"110",-149.912627656,-17.5190101191,"10.23",2019-01-09 12:57:57,29.9,31.9428
"111",-149.9126389716,-17.5190086942,"10.23",2019-01-09 12:58:12,29.97,32.2284
"112",-149.9126305059,-17.5190243684,"10.23",2019-01-09 12:58:27,29.98,32.2382
"113",-149.9126405641,-17.519030571,"10.23",2019-01-09 12:58:42,30.02,32.232
"114",-149.9126465991,-17.5190218538,"9.75",2019-01-09 12:58:57,30,32.266
"115",-149.9126444198,-17.5190169085,"10.23",2019-01-09 12:59:12,30.05,32.1919
"116",-149.9126386363,-17.5190267153,"10.71",2019-01-09 12:59:27,30.08,32.1965
"117",-149.9126395583,-17.5190323312,"10.23",2019-01-09 12:59:42,30.04,32.1866
"118",-149.9126243033,-17.5190293975,"10.71",2019-01-09 12:59:57,30,32.2625
"119",-149.9126103893,-17.5190225244,"10.71",2019-01-09 13:00:12,29.97,32.2297
"120",-149.9126429949,-17.5190480892,"10.71",2019-01-09 13:00:27,29.93,32.2934
"121",-149.9126513768,-17.5190275535,"10.71",2019-01-09 13:00:42,29.99,32.2739
"122",-149.9126424082,-17.5189872365,"10.71",2019-01-09 13:00:57,29.99,32.2536
"123",-149.9126162566,-17.5189691316,"10.23",2019-01-09 13:01:12,30.02,32.2296
"124",-149.912614245,-17.5189612526,"10.71",2019-01-09 13:01:27,30.13,32.1482
"125",-149.9126487784,-17.5188961253,"10.23",2019-01-09 13:01:42,30.22,32.0682
"126",-149.9126362894,-17.5188952032,"10.23",2019-01-09 13:01:57,30.14,32.1541
"127",-149.9126469344,-17.5189054292,"10.23",2019-01-09 13:02:12,30.09,32.1591
"128",-149.9126374628,-17.5189133082,"10.71",2019-01-09 13:02:27,30.02,32.2673
"129",-149.9126380496,-17.5189221092,"10.71",2019-01-09 13:02:42,30.01,32.2414
"130",-149.912636457,-17.5189224444,"10.71",2019-01-09 13:02:57,30.04,32.2174
"131",-149.9126171786,-17.5189210195,"10.71",2019-01-09 13:03:12,30.06,32.2124
"132",-149.9126175139,-17.5189207681,"10.71",2019-01-09 13:03:27,30.05,32.2315
"133",-149.9126310926,-17.5189271383,"10.71",2019-01-09 13:03:42,30.08,32.2116
"134",-149.9126368761,-17.5189284794,"10.71",2019-01-09 13:03:57,30.08,32.1954
"135",-149.9126468506,-17.5189200137,"10.71",2019-01-09 13:04:12,30.07,32.2023
"136",-149.9126426596,-17.5189251266,"10.71",2019-01-09 13:04:27,30.01,32.2589
"137",-149.9126398936,-17.518926803,"11.19",2019-01-09 13:04:42,30.01,32.2509
"138",-149.9126458447,-17.5189213548,"11.19",2019-01-09 13:04:57,30.02,32.2607
"139",-149.9126553163,-17.5189187564,"10.23",2019-01-09 13:05:12,29.94,32.3063
"140",-149.9126793724,-17.518944405,"10.23",2019-01-09 13:05:27,29.9,32.3415
"141",-149.9126763549,-17.5189321674,"11.19",2019-01-09 13:05:42,29.94,32.3067
"142",-149.9126551487,-17.5188942812,"10.23",2019-01-09 13:05:57,30.01,32.2436
"143",-149.9126518797,-17.5188936945,"10.71",2019-01-09 13:06:12,30.01,32.2437
"144",-149.9126519635,-17.5188801158,"10.71",2019-01-09 13:06:27,30.08,32.2135
"145",-149.9126564898,-17.5188211072,"10.23",2019-01-09 13:06:42,30.12,32.1584
"146",-149.9126520474,-17.5188154075,"10.71",2019-01-09 13:06:57,30.09,32.1826
"147",-149.9126567412,-17.5188154913,"10.23",2019-01-09 13:07:12,30.04,32.2571
"148",-149.9126528855,-17.5188146532,"10.71",2019-01-09 13:07:27,29.99,32.2661
"149",-149.9126467668,-17.5188186765,"10.71",2019-01-09 13:07:42,29.98,32.2771
"150",-149.9126612674,-17.5188152399,"10.71",2019-01-09 13:07:57,29.98,32.2855
"151",-149.9126526341,-17.5188131444,"10.71",2019-01-09 13:08:12,29.96,32.3236
"152",-149.9127054401,-17.5188004877,"10.23",2019-01-09 13:08:27,29.94,32.3455
"153",-149.9127771892,-17.5188070256,"10.71",2019-01-09 13:08:42,29.91,32.333
"154",-149.9127702322,-17.5188135635,"10.71",2019-01-09 13:08:57,29.81,32.4004
"155",-149.9127682205,-17.5188164134,"11.19",2019-01-09 13:09:12,29.72,32.4161
"156",-149.9127811287,-17.5188239571,"10.71",2019-01-09 13:09:27,29.61,32.4866
"157",-149.9127839785,-17.5188317522,"10.71",2019-01-09 13:09:42,29.5,32.5121
"158",-149.9127785303,-17.518826304,"10.71",2019-01-09 13:09:57,29.5,32.5823
"159",-149.9127970543,-17.5188118033,"10.23",2019-01-09 13:10:12,29.39,32.5873
"160",-149.9128022511,-17.5187734142,"10.23",2019-01-09 13:10:27,29.39,32.5874
"161",-149.9128285702,-17.5187672954,"10.71",2019-01-09 13:10:42,29.4,32.5684
"162",-149.9128420651,-17.5187584944,"10.71",2019-01-09 13:10:57,29.43,32.5894
"163",-149.9128375389,-17.5187237933,"11.19",2019-01-09 13:11:12,29.41,32.562
"164",-149.9128539674,-17.5187108014,"11.19",2019-01-09 13:11:27,29.43,32.5568
"165",-149.9128606729,-17.5186900143,"11.19",2019-01-09 13:11:42,29.39,32.5924
"166",-149.9128663726,-17.5186687242,"11.19",2019-01-09 13:11:57,29.4,32.6189
"167",-149.9128646962,-17.5186427403,"11.19",2019-01-09 13:12:12,29.4,32.6107
"168",-149.912873162,-17.5186182652,"11.19",2019-01-09 13:12:27,29.35,32.6285
"169",-149.9128791969,-17.5186075363,"11.19",2019-01-09 13:12:42,29.37,32.6316
"170",-149.9128786102,-17.5185876712,"11.19",2019-01-09 13:12:57,29.4,32.6319
"171",-149.9128679652,-17.5185626093,"10.71",2019-01-09 13:13:12,29.41,32.6211
"172",-149.9128656182,-17.5185405649,"10.71",2019-01-09 13:13:27,29.43,32.6159
"173",-149.9128637742,-17.5185243879,"10.71",2019-01-09 13:13:42,29.41,32.638
"174",-149.9128610082,-17.5185004994,"11.67",2019-01-09 13:13:57,29.4,32.5954
"175",-149.9128658697,-17.5184658822,"11.67",2019-01-09 13:14:12,29.41,32.5723
"176",-149.9128969666,-17.518444173,"11.67",2019-01-09 13:14:27,29.43,32.5959
"177",-149.9129169155,-17.5184253976,"11.67",2019-01-09 13:14:42,29.42,32.6153
"178",-149.9129267223,-17.5184088852,"11.19",2019-01-09 13:14:57,29.41,32.5728
"179",-149.9128952064,-17.5183887687,"11.19",2019-01-09 13:15:12,29.4,32.5798
"180",-149.9128841422,-17.5183647126,"11.67",2019-01-09 13:15:27,29.4,32.6212
"181",-149.912874084,-17.5183379743,"11.67",2019-01-09 13:15:42,29.41,32.5898
"182",-149.9128673784,-17.5183133315,"11.19",2019-01-09 13:15:57,29.4,32.5968
"183",-149.9128636904,-17.5182772893,"11.67",2019-01-09 13:16:12,29.42,32.5668
"184",-149.9128641095,-17.5182516407,"11.19",2019-01-09 13:16:27,29.43,32.5973
"185",-149.9128708988,-17.5182269979,"11.67",2019-01-09 13:16:42,29.44,32.6113
"186",-149.9128770176,-17.5182036962,"11.67",2019-01-09 13:16:57,29.45,32.6171
"187",-149.912871737,-17.5181782153,"11.67",2019-01-09 13:17:12,29.47,32.5376
"188",-149.9128627684,-17.518164888,"11.67",2019-01-09 13:17:27,29.48,32.5639
"189",-149.9128632713,-17.5181890279,"11.67",2019-01-09 13:17:42,29.51,32.5272
"190",-149.9128526263,-17.5181725156,"12.15",2019-01-09 13:17:57,29.57,32.5649
"191",-149.9128340185,-17.5181508064,"11.67",2019-01-09 13:18:12,29.66,32.4793
"192",-149.9128079507,-17.518125074,"11.67",2019-01-09 13:18:27,29.76,32.4653
"193",-149.9127838947,-17.5181045383,"10.71",2019-01-09 13:18:42,29.85,32.4212
"194",-149.9127504509,-17.5180716813,"11.19",2019-01-09 13:18:57,29.89,32.3903
"195",-149.9127265625,-17.5180487987,"11.19",2019-01-09 13:19:12,29.93,32.3472
"196",-149.9127139058,-17.5180291012,"11.67",2019-01-09 13:19:27,29.96,32.3559
"197",-149.9127000757,-17.5180144329,"12.15",2019-01-09 13:19:42,29.97,32.3411
"198",-149.9126629438,-17.517967578,"12.15",2019-01-09 13:19:57,30.01,32.3884
"199",-149.912637379,-17.5179260038,"12.15",2019-01-09 13:20:12,30.05,32.3329
"200",-149.9126088805,-17.5179158617,"12.15",2019-01-09 13:20:27,30.06,32.2895
"201",-149.9125674739,-17.5178762153,"11.67",2019-01-09 13:20:42,30.07,32.2788
"202",-149.9125406519,-17.5178683363,"11.67",2019-01-09 13:20:57,30.09,32.2943
"203",-149.9125109799,-17.5178385805,"11.67",2019-01-09 13:21:12,30.12,32.2867
"204",-149.9124812242,-17.5178050529,"12.15",2019-01-09 13:21:27,30.12,32.2664
"205",-149.9124694057,-17.5177973416,"12.15",2019-01-09 13:21:42,30.13,32.2517
"206",-149.9124659691,-17.5177799072,"12.15",2019-01-09 13:21:57,30.09,32.2214
"207",-149.9124490377,-17.5177580304,"12.63",2019-01-09 13:22:12,30.06,32.2497
"208",-149.9124216288,-17.5177189708,"12.15",2019-01-09 13:22:27,30.1,32.2313
"209",-149.9123982433,-17.5176948309,"12.15",2019-01-09 13:22:42,30.15,32.1981
"210",-149.9123711698,-17.5176617224,"12.63",2019-01-09 13:22:57,30.18,32.1702
"211",-149.9123504665,-17.5176328048,"12.63",2019-01-09 13:23:12,30.3,32.0621
"212",-149.9123610277,-17.517609084,"12.63",2019-01-09 13:23:27,30.27,32.1269
"213",-149.9123549927,-17.5175803341,"12.63",2019-01-09 13:23:42,30.33,32.0386
"214",-149.9123568367,-17.5175695214,"12.63",2019-01-09 13:23:57,30.35,32.0539
"215",-149.9123569205,-17.517566001,"12.63",2019-01-09 13:24:12,30.31,31.9913
"216",-149.9123702478,-17.5175403524,"12.63",2019-01-09 13:24:27,30.37,31.9762
"217",-149.9123567529,-17.5175147876,"13.12",2019-01-09 13:24:42,30.37,31.9682
"218",-149.912353484,-17.5174764823,"13.12",2019-01-09 13:24:57,30.35,32.0262
"219",-149.9123462755,-17.5174524263,"13.12",2019-01-09 13:25:12,30.31,32.0325
"220",-149.9123436771,-17.5174219999,"13.12",2019-01-09 13:25:27,30.4,32.0137
"221",-149.9123606924,-17.5173795037,"13.12",2019-01-09 13:25:42,30.4,32.0302
"222",-149.912352981,-17.5173399411,"13.60",2019-01-09 13:25:57,30.41,31.9629
"223",-149.9123575073,-17.517303396,"13.60",2019-01-09 13:26:12,30.42,31.9889
"224",-149.9123607762,-17.5172684435,"13.60",2019-01-09 13:26:27,30.43,31.9946
"225",-149.9123475328,-17.5172352511,"13.60",2019-01-09 13:26:42,30.33,32.0772
"226",-149.9123524781,-17.5171960238,"13.60",2019-01-09 13:26:57,30.3,32.0281
"227",-149.9123565014,-17.5171743147,"13.60",2019-01-09 13:27:12,30.3,32.0323
"228",-149.9123598542,-17.5171267893,"13.12",2019-01-09 13:27:27,30.32,32.0315
"229",-149.912368739,-17.5170860533,"13.12",2019-01-09 13:27:42,30.35,32.0362
"230",-149.912381731,-17.5170770008,"13.12",2019-01-09 13:27:57,30.3,31.9681
"231",-149.9123892747,-17.5170452334,"13.60",2019-01-09 13:28:12,30.22,31.9888
"232",-149.9123930465,-17.517045904,"13.60",2019-01-09 13:28:27,30.22,32.0011
"233",-149.9123924598,-17.5170601532,"14.08",2019-01-09 13:28:42,30.21,32.1418
"234",-149.9124055356,-17.5170216803,"14.08",2019-01-09 13:28:57,30.22,32.05
"235",-149.9124134984,-17.5170114543,"14.08",2019-01-09 13:29:12,30.21,32.1056
"236",-149.912421545,-17.5169976242,"14.56",2019-01-09 13:29:27,30.19,32.1435
"237",-149.9124126602,-17.5170253683,"14.08",2019-01-09 13:29:42,30.19,32.1395
"238",-149.9124212097,-17.5169633422,"13.60",2019-01-09 13:29:57,30.18,32.1463
"239",-149.9124229699,-17.516917577,"13.60",2019-01-09 13:30:12,30.17,32.0637
"240",-149.9124239758,-17.5168624241,"13.60",2019-01-09 13:30:27,30.23,32.0039
"241",-149.9124551564,-17.5168310758,"13.60",2019-01-09 13:30:42,30.21,32.0822
"242",-149.9124584254,-17.5167847238,"14.08",2019-01-09 13:30:57,30.18,32.147
"243",-149.9124740995,-17.5167450774,"14.08",2019-01-09 13:31:12,30.1,32.0866
"244",-149.9124861695,-17.5167029165,"14.08",2019-01-09 13:31:27,30.1,32.103
"245",-149.9125026818,-17.5166596659,"14.08",2019-01-09 13:31:42,30.14,32.1905
"246",-149.9125170987,-17.5166175049,"14.56",2019-01-09 13:31:57,30.15,32.0539
"247",-149.9125148356,-17.5165642798,"14.56",2019-01-09 13:32:12,30.17,32.1098
"248",-149.9125057831,-17.5165228732,"14.56",2019-01-09 13:32:27,30.18,31.8489
"249",-149.9124896061,-17.5164792873,"14.08",2019-01-09 13:32:42,30.18,31.9819
"250",-149.9124838226,-17.5164473522,"14.08",2019-01-09 13:32:57,30.17,31.8439
"251",-149.9124911986,-17.5163948815,"14.56",2019-01-09 13:33:12,30.23,32.0138
"252",-149.9125130754,-17.5163459312,"14.56",2019-01-09 13:33:27,30.3,31.9798
"253",-149.9125345331,-17.5163112301,"14.56",2019-01-09 13:33:42,30.29,31.8656
"254",-149.9125492014,-17.5162642077,"14.08",2019-01-09 13:33:57,30.34,31.9336
"255",-149.9125626124,-17.516220957,"14.08",2019-01-09 13:34:12,30.33,31.8718
"256",-149.9125692341,-17.5161752757,"14.08",2019-01-09 13:34:27,30.4,31.9509
"257",-149.9125898536,-17.5161304325,"14.08",2019-01-09 13:34:42,30.39,31.8891
"258",-149.912598487,-17.5160851702,"13.60",2019-01-09 13:34:57,30.38,31.8877
"259",-149.912616089,-17.5160415843,"14.08",2019-01-09 13:35:12,30.34,31.7616
"260",-149.9126526341,-17.5160129182,"14.08",2019-01-09 13:35:27,30.37,31.9471
"261",-149.9126688112,-17.5159666501,"14.08",2019-01-09 13:35:42,30.31,31.7736
"262",-149.9126709066,-17.5159139279,"14.08",2019-01-09 13:35:57,30.23,31.6866
"263",-149.9126970582,-17.5158643071,"14.08",2019-01-09 13:36:12,30.22,31.817
"264",-149.9127336871,-17.5158208888,"14.08",2019-01-09 13:36:27,30.3,31.9697
"265",-149.9127582461,-17.5157791469,"14.08",2019-01-09 13:36:42,30.22,32.0026
"266",-149.91277216,-17.5157438591,"14.08",2019-01-09 13:36:57,30.27,31.9737
"267",-149.9127820507,-17.5157030392,"14.08",2019-01-09 13:37:12,30.25,31.9629
"268",-149.91278423,-17.5156697631,"14.08",2019-01-09 13:37:27,30.21,31.9895
"269",-149.9128034245,-17.5156327989,"14.56",2019-01-09 13:37:42,30.13,31.9457
"270",-149.9128299113,-17.5156100001,"14.56",2019-01-09 13:37:57,30.26,31.9931
"271",-149.9128470104,-17.5155747961,"14.08",2019-01-09 13:38:12,30.05,31.9668
"272",-149.9128677975,-17.5155319646,"14.56",2019-01-09 13:38:27,30.4,32.0956
"273",-149.9128866568,-17.5154950842,"15.04",2019-01-09 13:38:42,30.43,32.0434
"274",-149.9128822144,-17.5154512469,"14.08",2019-01-09 13:38:57,30.4,32.0959
"275",-149.912926387,-17.515418306,"14.08",2019-01-09 13:39:12,30.42,32.0341
"276",-149.9129432347,-17.5153794978,"14.08",2019-01-09 13:39:27,30.42,32.0262
"277",-149.9129780196,-17.5153517537,"14.56",2019-01-09 13:39:42,30.4,32.068
"278",-149.9129780196,-17.5153121073,"13.60",2019-01-09 13:39:57,30.39,31.9976
"279",-149.9129827973,-17.5152648333,"14.08",2019-01-09 13:40:12,30.45,32.0719
"280",-149.9130234495,-17.5152194872,"14.56",2019-01-09 13:40:27,30.52,31.9812
"281",-149.9130686279,-17.5151782483,"14.08",2019-01-09 13:40:42,30.57,32.0174
"282",-149.9130952824,-17.5151520129,"14.56",2019-01-09 13:40:57,30.58,32.0232
"283",-149.9131029937,-17.5151343271,"14.08",2019-01-09 13:41:12,30.62,31.9929
"284",-149.9131088611,-17.5151233468,"14.08",2019-01-09 13:41:27,30.64,31.9962
"285",-149.9131062627,-17.5151197426,"14.56",2019-01-09 13:41:42,30.57,32.0303
"286",-149.9130986352,-17.5151127856,"14.56",2019-01-09 13:41:57,30.63,32.0234
"287",-149.913105676,-17.5151034817,"14.56",2019-01-09 13:42:12,30.6,32.0393
"288",-149.9130905047,-17.515116306,"14.56",2019-01-09 13:42:27,30.58,32.0893
"289",-149.9131222721,-17.5151178148,"14.56",2019-01-09 13:42:42,30.58,32.0366
"290",-149.9131537043,-17.51507557,"14.56",2019-01-09 13:42:57,30.43,31.957
"291",-149.9131800234,-17.5150601473,"14.56",2019-01-09 13:43:12,30.34,31.8954
"292",-149.9132173229,-17.515033409,"14.08",2019-01-09 13:43:27,30.37,31.9242
"293",-149.9132375233,-17.5150108617,"14.56",2019-01-09 13:43:42,30.4,31.9046
"294",-149.9132766668,-17.5149844587,"15.04",2019-01-09 13:43:57,30.4,31.9532
"295",-149.9133137148,-17.5149499252,"15.04",2019-01-09 13:44:12,30.45,31.7956
"296",-149.913349757,-17.5149240252,"14.56",2019-01-09 13:44:27,30.47,31.7747
"297",-149.9133655988,-17.5148996338,"14.56",2019-01-09 13:44:42,30.5,31.7632
"298",-149.9133896548,-17.5148611609,"14.56",2019-01-09 13:44:57,30.51,31.7849
"299",-149.9134164769,-17.5148534495,"14.08",2019-01-09 13:45:12,30.52,31.7625
"300",-149.9134540278,-17.5148454867,"14.56",2019-01-09 13:45:27,30.5,31.7477
"301",-149.913480347,-17.5148177426,"14.56",2019-01-09 13:45:42,30.54,31.7417
"302",-149.9134978652,-17.5148017332,"14.56",2019-01-09 13:45:57,30.51,31.7575
"303",-149.9135171436,-17.5147811137,"14.56",2019-01-09 13:46:12,30.52,31.7631
"304",-149.9135291297,-17.5147510227,"14.56",2019-01-09 13:46:27,30.55,31.7157
"305",-149.9135405291,-17.514724955,"14.56",2019-01-09 13:46:42,30.55,31.6958
"306",-149.9135626573,-17.5147123821,"14.56",2019-01-09 13:46:57,30.54,31.7266
"307",-149.9135715421,-17.5147089455,"15.04",2019-01-09 13:47:12,30.57,31.7072
"308",-149.913597526,-17.5147041678,"15.04",2019-01-09 13:47:27,30.58,29.0458
"309",-149.9135882221,-17.5147123821,"15.04",2019-01-09 13:47:42,30.59,31.4718
"310",-149.9135691952,-17.5147135556,"14.56",2019-01-09 13:47:57,30.62,31.5833
"311",-149.9135493301,-17.5147127174,"15.52",2019-01-09 13:48:12,30.62,31.5915
"312",-149.9135670997,-17.5147086941,"15.52",2019-01-09 13:48:27,30.6,31.5014
"313",-149.9135562032,-17.5147406291,"14.56",2019-01-09 13:48:42,30.59,31.6352
"314",-149.9135621544,-17.5147109572,"14.56",2019-01-09 13:48:57,30.56,31.5078
"315",-149.9135360029,-17.5147002283,"13.60",2019-01-09 13:49:12,30.57,31.5769
"316",-149.9135266151,-17.5147029944,"13.12",2019-01-09 13:49:27,30.57,31.6607
"317",-149.9135475699,-17.5147165731,"13.60",2019-01-09 13:49:42,30.57,31.609
"318",-149.9135686923,-17.5147217698,"13.60",2019-01-09 13:49:57,30.56,31.5918
"319",-149.9135795049,-17.5147407968,"13.12",2019-01-09 13:50:12,30.55,31.5151
"320",-149.913579924,-17.5147466641,"13.12",2019-01-09 13:50:27,30.56,31.6838
"321",-149.9135686085,-17.5147427246,"13.60",2019-01-09 13:50:42,30.57,31.0643
"322",-149.9135757331,-17.5147387013,"13.12",2019-01-09 13:50:57,30.57,30.659
"323",-149.9135732185,-17.5147300679,"13.12",2019-01-09 13:51:12,30.57,30.0858
"324",-149.9135763198,-17.5147292297,"14.08",2019-01-09 13:51:27,30.58,31.3664
"325",-149.9135737214,-17.5147216022,"14.08",2019-01-09 13:51:42,30.58,31.465
"326",-149.913554946,-17.5147185847,"13.60",2019-01-09 13:51:57,30.58,31.612
"327",-149.913563747,-17.5147109572,"12.15",2019-01-09 13:52:12,30.58,31.5962
"328",-149.9135768227,-17.5147108734,"12.63",2019-01-09 13:52:27,30.58,31.6123
"329",-149.9135856237,-17.5147093646,"12.63",2019-01-09 13:52:42,30.59,31.586
"330",-149.913579002,-17.5147143938,"13.12",2019-01-09 13:52:57,30.59,31.6659
"331",-149.9135740567,-17.5147336721,"13.12",2019-01-09 13:53:12,30.58,31.6486
"332",-149.9135852885,-17.5147233624,"12.63",2019-01-09 13:53:27,30.58,31.6448
"333",-149.9135825224,-17.5147320796,"12.63",2019-01-09 13:53:42,30.58,31.629
"334",-149.9135448877,-17.5147288945,"12.63",2019-01-09 13:53:57,30.59,31.5948
"335",-149.9135411158,-17.514709197,"13.12",2019-01-09 13:54:12,30.6,31.6045
"336",-149.9135526828,-17.5147157349,"15.52",2019-01-09 13:54:27,30.59,31.6509
"337",-149.9135304708,-17.514714729,"14.08",2019-01-09 13:54:42,30.6,31.6846
"338",-149.9135334883,-17.5147359353,"14.08",2019-01-09 13:54:57,30.6,31.6288
"339",-149.9135256093,-17.51472353,"13.12",2019-01-09 13:55:12,30.6,31.6649
"340",-149.91354011,-17.5147289783,"13.12",2019-01-09 13:55:27,30.6,31.6491
"341",-149.9135484919,-17.5147347618,"13.60",2019-01-09 13:55:42,30.59,31.6677
"342",-149.9135436304,-17.5147309899,"13.12",2019-01-09 13:55:57,30.6,31.6494
"343",-149.9135266989,-17.5147467479,"13.12",2019-01-09 13:56:12,30.6,31.6376
"344",-149.9135354161,-17.5147306547,"13.60",2019-01-09 13:56:27,30.6,31.6897
"345",-149.9135383498,-17.5147335883,"13.60",2019-01-09 13:56:42,30.59,31.7044
"346",-149.9135303032,-17.5147333369,"13.12",2019-01-09 13:56:57,30.59,31.6726
"347",-149.913527621,-17.5147366896,"14.08",2019-01-09 13:57:12,30.6,31.6662
"348",-149.913534997,-17.5147449039,"13.12",2019-01-09 13:57:27,30.6,31.6504
"349",-149.9135412835,-17.5147489272,"13.60",2019-01-09 13:57:42,30.58,31.6636
"350",-149.9135500845,-17.5147427246,"13.12",2019-01-09 13:57:57,30.58,31.6877
"351",-149.9135893956,-17.5147615001,"13.60",2019-01-09 13:58:12,30.58,31.7119
"352",-149.9136247672,-17.5147709716,"13.12",2019-01-09 13:58:27,30.59,31.6576
"353",-149.9136513378,-17.5147886574,"13.12",2019-01-09 13:58:42,30.6,31.6433
"354",-149.9137038924,-17.5147961173,"13.12",2019-01-09 13:58:57,30.58,31.6684
"355",-149.9137261044,-17.5148268789,"13.12",2019-01-09 13:59:12,30.54,31.6907
"356",-149.9137327261,-17.5148667768,"13.12",2019-01-09 13:59:27,30.47,31.6927
"357",-149.9137186445,-17.5148611609,"13.12",2019-01-09 13:59:42,30.5,31.6851
"358",-149.9137115199,-17.5148713868,"13.12",2019-01-09 13:59:57,30.54,31.7151
"359",-149.9137423653,-17.5149057526,"13.12",2019-01-09 14:00:12,30.55,31.6529
"360",-149.913777234,-17.5149104465,"13.12",2019-01-09 14:00:27,30.51,31.6791
"361",-149.9138186406,-17.5149194151,"12.63",2019-01-09 14:00:42,30.5,31.6739
"362",-149.9138359912,-17.5149471592,"12.63",2019-01-09 14:00:57,30.55,31.6455
"363",-149.9138224125,-17.514984291,"12.63",2019-01-09 14:01:12,30.56,31.6391
"364",-149.9138164613,-17.515029721,"12.15",2019-01-09 14:01:27,30.52,31.6932
"365",-149.913794836,-17.5150562078,"12.63",2019-01-09 14:01:42,30.54,31.6684
"366",-149.9137760606,-17.5150819402,"13.12",2019-01-09 14:01:57,30.49,31.7732
"367",-149.913782347,-17.5151037332,"12.63",2019-01-09 14:02:12,30.47,31.7504
"368",-149.9138224125,-17.5151520129,"12.15",2019-01-09 14:02:27,30.45,31.7637
"369",-149.9138282798,-17.5151861273,"12.15",2019-01-09 14:02:42,30.4,31.7966
"370",-149.9138375837,-17.5152442977,"12.63",2019-01-09 14:02:57,30.34,31.8562
"371",-149.913860634,-17.5152587146,"12.63",2019-01-09 14:03:12,30.32,31.8254
"372",-149.9138635676,-17.5153185613,"12.63",2019-01-09 14:03:27,30.31,31.8201
"373",-149.9138506595,-17.5153494067,"12.63",2019-01-09 14:03:42,30.29,31.8575
"374",-149.9138522521,-17.5153748877,"13.12",2019-01-09 14:03:57,30.23,31.8811
"375",-149.9138503242,-17.5154057331,"12.63",2019-01-09 14:04:12,30.05,32.0488
"376",-149.9138622265,-17.5154396798,"12.63",2019-01-09 14:04:27,30.07,32.0236
"377",-149.9138836842,-17.5154881272,"12.63",2019-01-09 14:04:42,30.02,32.0367
"378",-149.9138987716,-17.5155064836,"12.15",2019-01-09 14:04:57,30.08,31.9729
"379",-149.9139042199,-17.5154869538,"12.15",2019-01-09 14:05:12,30.08,31.9932
"380",-149.9139265995,-17.5154970959,"12.15",2019-01-09 14:05:27,30.02,32.0413
"381",-149.9138915632,-17.5154874567,"12.63",2019-01-09 14:05:42,30,32.0305
"382",-149.9138433672,-17.5154576171,"13.12",2019-01-09 14:05:57,29.75,32.2708
"383",-149.9137872923,-17.5154634006,"12.63",2019-01-09 14:06:12,29.93,32.0774
"384",-149.9137409404,-17.5154551864,"12.15",2019-01-09 14:06:27,29.92,32.0802
"385",-149.913794836,-17.5154218264,"12.63",2019-01-09 14:06:42,30.16,31.9292
"386",-149.91380875,-17.515438674,"12.15",2019-01-09 14:06:57,30.12,31.9759
"387",-149.9138085824,-17.5154647417,"12.15",2019-01-09 14:07:12,30.07,31.9972
"388",-149.9137949198,-17.5154898874,"11.67",2019-01-09 14:07:27,30.01,32.0898
"389",-149.9137813412,-17.5154955033,"12.15",2019-01-09 14:07:42,29.81,32.2236
"390",-149.9137545191,-17.5154906418,"12.63",2019-01-09 14:07:57,29.64,32.3912
"391",-149.9137546029,-17.5154996943,"12.15",2019-01-09 14:08:12,29.63,32.4309
"392",-149.9137378391,-17.51550816,"12.63",2019-01-09 14:08:27,29.56,32.4456
"393",-149.9137159623,-17.5155007839,"12.63",2019-01-09 14:08:42,29.53,32.4497
"394",-149.9137034733,-17.5154718664,"12.63",2019-01-09 14:08:57,29.73,32.2944
"395",-149.9137074128,-17.5154561084,"12.63",2019-01-09 14:09:12,29.96,32.0918
"396",-149.9137353245,-17.5154378358,"12.15",2019-01-09 14:09:27,30.05,32.0402
"397",-149.9137344025,-17.515471112,"12.63",2019-01-09 14:09:42,30.05,32.0484
"398",-149.9137313012,-17.5154891331,"12.63",2019-01-09 14:09:57,29.74,32.321
"399",-149.9137490708,-17.5155195594,"12.15",2019-01-09 14:10:12,29.73,32.3116
"400",-149.9137034733,-17.5155154523,"13.12",2019-01-09 14:10:27,29.56,32.4798
"401",-149.9136932474,-17.5155053101,"8.79",2019-01-09 14:10:42,29.8,32.2812
"402",-149.9137025513,-17.5154861994,"12.63",2019-01-09 14:10:57,29.93,32.1008
"403",-149.9136946723,-17.5155008677,"12.63",2019-01-09 14:11:12,29.83,32.2451
"404",-149.9136940017,-17.5154958386,"12.63",2019-01-09 14:11:27,29.61,32.4302
"405",-149.9136621505,-17.5154898874,"12.63",2019-01-09 14:11:42,29.81,32.2956
"406",-149.9136527628,-17.5154647417,"12.15",2019-01-09 14:11:57,29.9,32.1296
"407",-149.9136325624,-17.51545351,"12.15",2019-01-09 14:12:12,29.96,32.1588
"408",-149.9136137869,-17.5154376682,"12.15",2019-01-09 14:12:27,29.91,32.2208
"409",-149.9135997891,-17.5154438708,"12.63",2019-01-09 14:12:42,29.88,32.2003
"410",-149.9135999568,-17.5154530909,"13.12",2019-01-09 14:12:57,29.86,32.2383
"411",-149.913571123,-17.5154488161,"12.63",2019-01-09 14:13:12,29.84,32.2519
"412",-149.9135696143,-17.515450241,"13.12",2019-01-09 14:13:27,29.85,32.2209
"413",-149.9135654233,-17.5154121872,"13.12",2019-01-09 14:13:42,29.89,32.2229
"414",-149.9135691952,-17.5153996143,"12.63",2019-01-09 14:13:57,29.97,32.141
"415",-149.9135636631,-17.5154053979,"12.15",2019-01-09 14:14:12,29.98,32.1508
"416",-149.9135635793,-17.5154156238,"12.15",2019-01-09 14:14:27,29.91,32.2058
"417",-149.9135309737,-17.515411349,"12.63",2019-01-09 14:14:42,29.57,32.4554
"418",-149.9135224242,-17.5154069066,"12.63",2019-01-09 14:14:57,29.77,32.292
"419",-149.9135237653,-17.5153941661,"12.63",2019-01-09 14:15:12,29.96,32.1445
"420",-149.9135258608,-17.5153695233,"12.63",2019-01-09 14:15:27,29.97,32.1502
"421",-149.913532231,-17.5153503288,"12.63",2019-01-09 14:15:42,29.98,32.1153
"422",-149.913526196,-17.5153614767,"-2.75",2019-01-09 14:15:57,29.99,32.1372
"423",-149.9135286268,-17.5153514184,"10.23",2019-01-09 14:16:12,29.93,32.1815
"424",-149.9135297164,-17.5153555255,"11.67",2019-01-09 14:16:27,29.88,32.2476
"425",-149.9135250226,-17.5153660867,"12.63",2019-01-09 14:16:42,29.99,32.1377
"426",-149.9135207478,-17.515352089,"12.15",2019-01-09 14:16:57,29.93,32.2267
"427",-149.913526196,-17.5153602194,"13.12",2019-01-09 14:17:12,29.9,32.2347
"428",-149.9135341588,-17.515368266,"12.15",2019-01-09 14:17:27,29.84,32.2426
"429",-149.9135334883,-17.515356699,"12.63",2019-01-09 14:17:42,29.84,32.2916
"430",-149.9135339074,-17.5153583754,"12.15",2019-01-09 14:17:57,29.82,32.2727
"431",-149.9135387689,-17.5153644104,"13.12",2019-01-09 14:18:12,29.82,32.3054
"432",-149.9135393556,-17.5153687689,"12.63",2019-01-09 14:18:27,29.82,32.3015
"433",-149.9135437142,-17.5153808389,"13.12",2019-01-09 14:18:42,29.76,32.3461
"434",-149.9135330692,-17.5154124387,"12.63",2019-01-09 14:18:57,29.76,32.3422
"435",-149.9135264475,-17.5154312141,"12.63",2019-01-09 14:19:12,29.73,32.3503
"436",-149.9135237653,-17.5154459663,"12.63",2019-01-09 14:19:27,29.75,32.3534
"437",-149.9135233462,-17.5154353213,"12.63",2019-01-09 14:19:42,29.75,32.3454
"438",-149.9135454744,-17.5154360756,"12.15",2019-01-09 14:19:57,29.75,32.3619
"439",-149.9135538563,-17.5154426135,"11.19",2019-01-09 14:20:12,29.75,32.3867
"440",-149.9135796726,-17.5154636521,"12.63",2019-01-09 14:20:27,29.75,32.3623
"441",-149.9135764036,-17.5155309588,"12.63",2019-01-09 14:20:42,29.74,32.2956
"442",-149.9135703687,-17.5155851059,"12.63",2019-01-09 14:20:57,29.8,32.2718
"443",-149.9136210792,-17.515625339,"12.15",2019-01-09 14:21:12,29.71,32.3489
"444",-149.9136789981,-17.5156745408,"12.63",2019-01-09 14:21:27,29.73,32.3356
"445",-149.9137162976,-17.5157296099,"12.63",2019-01-09 14:21:42,29.68,32.349
"446",-149.9137692712,-17.5157859363,"13.12",2019-01-09 14:21:57,29.71,32.3494
"447",-149.913814282,-17.5158286002,"13.60",2019-01-09 14:22:12,29.68,32.3329
"448",-149.9138613045,-17.5158710126,"12.63",2019-01-09 14:22:27,29.6,32.465
"449",-149.913906483,-17.5159198791,"12.63",2019-01-09 14:22:42,29.67,32.3359
"450",-149.9139593728,-17.5159586873,"12.15",2019-01-09 14:22:57,29.69,32.3104
"451",-149.914020393,-17.5160156004,"12.63",2019-01-09 14:23:12,29.63,32.4328
"452",-149.9140742049,-17.5160798058,"12.63",2019-01-09 14:23:27,29.61,32.3933
"453",-149.9141585268,-17.5161513872,"12.63",2019-01-09 14:23:42,29.59,32.4562
"454",-149.9142414238,-17.5162081327,"12.63",2019-01-09 14:23:57,29.57,32.4411
"455",-149.9143052939,-17.5162879284,"12.15",2019-01-09 14:24:12,29.55,32.5042
"456",-149.9143519811,-17.5163811352,"12.15",2019-01-09 14:24:27,29.52,32.5453
"457",-149.9144211318,-17.5164574105,"12.63",2019-01-09 14:24:42,29.51,32.5481
"458",-149.9144800566,-17.5165314227,"12.63",2019-01-09 14:24:57,29.53,32.5718
"459",-149.9145446811,-17.5165893417,"13.12",2019-01-09 14:25:12,29.53,32.5267
"460",-149.9146041926,-17.5166416448,"13.60",2019-01-09 14:25:27,29.55,32.5544
"461",-149.9146616086,-17.5167195126,"13.12",2019-01-09 14:25:42,29.53,32.6095
"462",-149.9147053622,-17.5168062653,"13.60",2019-01-09 14:25:57,29.5,32.6219
"463",-149.9147499539,-17.5168883242,"13.60",2019-01-09 14:26:12,29.48,32.5861
"464",-149.9147963896,-17.5169669464,"13.12",2019-01-09 14:26:27,29.45,32.6025
"465",-149.9148514587,-17.5170360133,"13.12",2019-01-09 14:26:42,29.47,32.5767
"466",-149.9149114732,-17.5171045773,"13.12",2019-01-09 14:26:57,29.45,32.6153
"467",-149.9149626866,-17.5171712134,"13.60",2019-01-09 14:27:12,29.53,32.6064
"468",-149.9149923585,-17.5172467344,"13.60",2019-01-09 14:27:27,29.58,32.4943
"469",-149.915005099,-17.5173028931,"13.12",2019-01-09 14:27:42,29.6,32.6087
"470",-149.9150027521,-17.5173486583,"13.60",2019-01-09 14:27:57,29.65,32.579
"471",-149.9149800371,-17.517398363,"14.08",2019-01-09 14:28:12,29.65,32.5626
"472",-149.9149623513,-17.5174347404,"14.08",2019-01-09 14:28:27,29.66,32.556
"473",-149.914943492,-17.5174647477,"14.08",2019-01-09 14:28:42,29.65,32.5712
"474",-149.9149311706,-17.5175047293,"13.60",2019-01-09 14:28:57,29.65,32.5466
"475",-149.9149400555,-17.5175310485,"14.08",2019-01-09 14:29:12,29.63,32.5686
"476",-149.9149646144,-17.5175658334,"14.08",2019-01-09 14:29:27,29.66,32.5691
"477",-149.9149565678,-17.5176041387,"14.08",2019-01-09 14:29:42,29.68,32.5474
"478",-149.9149565678,-17.5176431984,"14.56",2019-01-09 14:29:57,29.68,32.5682
"479",-149.9149573222,-17.5176629797,"14.08",2019-01-09 14:30:12,29.69,32.5368
"480",-149.9149624351,-17.5176951662,"13.60",2019-01-09 14:30:27,29.72,32.5084
"481",-149.9149639439,-17.5177183002,"13.60",2019-01-09 14:30:42,29.74,32.5734
"482",-149.9149683025,-17.5177414343,"13.60",2019-01-09 14:30:57,29.73,32.5433
"483",-149.9149931129,-17.5177673344,"13.12",2019-01-09 14:31:12,29.74,32.549
"484",-149.9149961304,-17.5177984312,"13.60",2019-01-09 14:31:27,29.71,32.5324
"485",-149.9150080327,-17.5178322941,"13.12",2019-01-09 14:31:42,29.69,32.5668
"486",-149.9150152411,-17.517890716,"13.60",2019-01-09 14:31:57,29.67,32.5929
"487",-149.9150198512,-17.5179446116,"13.60",2019-01-09 14:32:12,29.69,32.5629
"488",-149.9150254671,-17.51802315,"14.08",2019-01-09 14:32:27,29.68,32.5452
"489",-149.9150449969,-17.5181020238,"13.60",2019-01-09 14:32:42,29.67,32.5686
"490",-149.9150361959,-17.518188525,"12.63",2019-01-09 14:32:57,29.65,32.5659
"491",-149.9150351062,-17.5182326976,"11.19",2019-01-09 14:33:12,29.69,32.5389
"492",-149.9150292389,-17.518282989,"13.60",2019-01-09 14:33:27,29.68,32.5583
"493",-149.9150445778,-17.5183304306,"14.08",2019-01-09 14:33:42,29.67,32.561
"494",-149.9150520377,-17.5183812249,"13.60",2019-01-09 14:33:57,29.68,32.5297
"495",-149.915050026,-17.5184357911,"14.56",2019-01-09 14:34:12,29.68,32.5504
"496",-149.9150336813,-17.5185263995,"14.56",2019-01-09 14:34:27,29.6,32.5348
"497",-149.9150195997,-17.518614158,"14.56",2019-01-09 14:34:42,29.61,32.6108
"498",-149.9150061887,-17.5186882541,"13.60",2019-01-09 14:34:57,29.6,32.6137
"499",-149.9149782769,-17.5187611766,"13.12",2019-01-09 14:35:12,29.61,32.6194
"500",-149.9149350263,-17.5188245438,"13.12",2019-01-09 14:35:27,29.59,32.5671
"501",-149.9148572423,-17.5188325904,"13.60",2019-01-09 14:35:42,29.47,32.5952
"502",-149.9148067832,-17.5188565627,"13.60",2019-01-09 14:35:57,29.44,32.6076
"503",-149.9147673044,-17.5188871566,"13.60",2019-01-09 14:36:12,29.45,32.6258
"504",-149.9147513788,-17.5188736618,"14.56",2019-01-09 14:36:27,29.44,32.6328
"505",-149.9147308432,-17.5188319199,"14.56",2019-01-09 14:36:42,29.42,32.597
"506",-149.9147161748,-17.5188441575,"13.60",2019-01-09 14:36:57,29.45,32.5973
"507",-149.9146704096,-17.5188698061,"13.12",2019-01-09 14:37:12,29.4,32.6151
"508",-149.9146202859,-17.5188978855,"13.60",2019-01-09 14:37:27,29.37,32.6441
"509",-149.9145654682,-17.5189024955,"13.60",2019-01-09 14:37:42,29.37,32.5989
"510",-149.9145216309,-17.5189163256,"13.60",2019-01-09 14:37:57,29.37,32.5949
"511",-149.9144732673,-17.5189596601,"13.60",2019-01-09 14:38:12,29.37,32.6652
"512",-149.9144448526,-17.5189624261,"17.44",2019-01-09 14:38:27,29.39,32.6022
"513",-149.9144188687,-17.5189360231,"11.19",2019-01-09 14:38:42,29.4,32.5585
"514",-149.9144257419,-17.5189099554,"13.12",2019-01-09 14:38:57,29.39,32.5902
"515",-149.9144020211,-17.5189149845,"13.12",2019-01-09 14:39:12,29.4,32.6083
"516",-149.9143804796,-17.5188972149,"13.60",2019-01-09 14:39:27,29.39,32.6524
"517",-149.9143491313,-17.5188637711,"13.60",2019-01-09 14:39:42,29.39,32.6072
"518",-149.9143349659,-17.5188568141,"12.63",2019-01-09 14:39:57,29.4,32.5593
"519",-149.9142757896,-17.518849941,"13.12",2019-01-09 14:40:12,29.39,32.6158
"520",-149.9142384902,-17.5188199338,"14.08",2019-01-09 14:40:27,29.41,32.6188
"521",-149.9141999334,-17.5188100431,"14.08",2019-01-09 14:40:42,29.4,32.6506
"522",-149.9141763803,-17.5187774375,"14.56",2019-01-09 14:40:57,29.4,32.5641
"523",-149.9141849298,-17.5187356956,"13.60",2019-01-09 14:41:12,29.44,32.5865
"524",-149.9141486362,-17.5187119748,"12.63",2019-01-09 14:41:27,29.44,32.5207
"525",-149.9141706806,-17.5186672155,"13.60",2019-01-09 14:41:42,29.43,32.5607
"526",-149.9141202215,-17.5186737534,"11.67",2019-01-09 14:41:57,29.42,32.5347
"527",-149.9140601233,-17.5186707359,"13.60",2019-01-09 14:42:12,29.41,32.5952
"528",-149.9140305351,-17.5186301675,"13.60",2019-01-09 14:42:27,29.42,32.5639
"529",-149.913994493,-17.5186019205,"13.60",2019-01-09 14:42:42,29.43,32.549
"530",-149.9139362387,-17.5185839832,"13.60",2019-01-09 14:42:57,29.43,32.5945
"531",-149.9138747994,-17.518603513,"13.60",2019-01-09 14:43:12,29.44,32.5714
"532",-149.9138011225,-17.5186081231,"16.00",2019-01-09 14:43:27,29.45,32.5771
"533",-149.9137611408,-17.5186675508,"12.15",2019-01-09 14:43:42,29.45,32.5937
"534",-149.9136913195,-17.51870309,"13.60",2019-01-09 14:43:57,29.45,32.5815
"535",-149.9136380106,-17.5186923612,"13.60",2019-01-09 14:44:12,29.45,32.5364
"536",-149.9136196543,-17.5186835602,"12.63",2019-01-09 14:44:27,29.45,32.586
"537",-149.9136030581,-17.5186949596,"12.15",2019-01-09 14:44:42,29.48,32.5781
"538",-149.9135510903,-17.5187294092,"12.15",2019-01-09 14:44:57,29.44,32.5726
"539",-149.9134953506,-17.5187529624,"13.12",2019-01-09 14:45:12,29.42,32.5987
"540",-149.9134230148,-17.5187522918,"13.60",2019-01-09 14:45:27,29.43,32.5921
"541",-149.9133615755,-17.5187279843,"12.63",2019-01-09 14:45:42,29.42,32.5537
"542",-149.9133058358,-17.5186950434,"13.12",2019-01-09 14:45:57,29.45,32.5829
"543",-149.9132619984,-17.5186557323,"15.04",2019-01-09 14:46:12,29.4,32.5842
"544",-149.9132475816,-17.5186361186,"13.60",2019-01-09 14:46:27,29.39,32.5582
"545",-149.9132127967,-17.5186230429,"13.60",2019-01-09 14:46:42,29.4,32.5845
"546",-149.9131848011,-17.5186037645,"11.67",2019-01-09 14:46:57,29.41,32.5903
"547",-149.9131485075,-17.5185797084,"13.12",2019-01-09 14:47:12,29.37,32.6218
"548",-149.9131267145,-17.5185672194,"15.04",2019-01-09 14:47:27,29.35,32.6068
"549",-149.9131137226,-17.51853914,"14.08",2019-01-09 14:47:42,29.32,32.6274
"550",-149.9130920134,-17.518512737,"14.08",2019-01-09 14:47:57,29.36,32.6251
"551",-149.9130813684,-17.5185034331,"13.12",2019-01-09 14:48:12,29.35,32.6403
"552",-149.9130612519,-17.5184803829,"13.12",2019-01-09 14:48:27,29.32,32.6279
"553",-149.9130402971,-17.5184472743,"13.60",2019-01-09 14:48:42,29.32,32.6364
"554",-149.9130173307,-17.5183989946,"13.12",2019-01-09 14:48:57,29.34,32.6559
"555",-149.9130022433,-17.518364042,"13.60",2019-01-09 14:49:12,29.35,32.608
"556",-149.9129850604,-17.518332107,"14.08",2019-01-09 14:49:27,29.36,32.6178
"557",-149.9129520357,-17.5183094759,"13.60",2019-01-09 14:49:42,29.36,32.6139
"558",-149.9129563943,-17.5182999205,"14.08",2019-01-09 14:49:57,29.37,32.6196
"559",-149.9129642732,-17.518298747,"13.12",2019-01-09 14:50:12,29.39,32.6061
"560",-149.9129651114,-17.5182876829,"13.60",2019-01-09 14:50:27,29.37,32.6282
"561",-149.9129687995,-17.5182944722,"13.60",2019-01-09 14:50:42,29.35,32.6668
"562",-149.9129614234,-17.5182882696,"13.60",2019-01-09 14:50:57,29.36,32.6312
"563",-149.9129428156,-17.5182912033,"13.60",2019-01-09 14:51:12,29.37,32.5957
"564",-149.9129332602,-17.5183046144,"13.60",2019-01-09 14:51:27,29.36,32.6275
"NA",NA,NA,NA,NA,NA,NA
"566",-149.912962513,-17.518300591,"13.60",2019-01-09 14:51:57,29.37,32.6416
"567",-149.9129599147,-17.5182974897,"13.60",2019-01-09 14:52:12,29.39,32.624
"568",-149.9129607528,-17.5182995852,"13.60",2019-01-09 14:52:27,29.4,32.6669
"569",-149.91295279,-17.5183023512,"14.56",2019-01-09 14:52:42,29.4,32.6381
"570",-149.9129580706,-17.5183050334,"12.63",2019-01-09 14:52:57,29.39,32.6327
"571",-149.9129604176,-17.5183212943,"14.08",2019-01-09 14:53:12,29.4,32.6096
"572",-149.9129636027,-17.5183391478,"12.63",2019-01-09 14:53:27,29.41,32.6442
"573",-149.912961591,-17.5183194503,"13.12",2019-01-09 14:53:42,29.4,32.6264
"574",-149.9129672069,-17.5183089729,"11.19",2019-01-09 14:53:57,29.37,32.6554
"575",-149.9129730742,-17.5183144212,"13.12",2019-01-09 14:54:12,29.4,32.6185
"576",-149.9129691347,-17.5183033571,"-9.00",2019-01-09 14:54:27,29.39,32.6255
"577",-149.9129730742,-17.5183024351,"8.31",2019-01-09 14:54:42,29.39,32.6174
"578",-149.9129706435,-17.5183127448,"13.12",2019-01-09 14:54:57,29.37,32.5818
"579",-149.9129719008,-17.5183166843,"13.12",2019-01-09 14:55:12,29.4,32.6233
"580",-149.9129836354,-17.5183210429,"14.08",2019-01-09 14:55:27,29.36,32.6219
"581",-149.9129816238,-17.5183199532,"14.56",2019-01-09 14:55:42,29.35,32.6743
"582",-149.9129678775,-17.5183191989,"13.60",2019-01-09 14:55:57,29.36,32.6512
"583",-149.9129668716,-17.5183129124,"13.60",2019-01-09 14:56:12,29.37,32.6651
"584",-149.9129634351,-17.5183113199,"14.56",2019-01-09 14:56:27,29.37,32.6447
"585",-149.9129660334,-17.5183224678,"14.08",2019-01-09 14:56:42,29.37,32.6077
"586",-149.912967626,-17.5183272455,"12.63",2019-01-09 14:56:57,29.39,32.6313
"587",-149.9129608367,-17.5183475297,"14.08",2019-01-09 14:57:12,29.39,32.6521
"588",-149.9129708949,-17.5183459371,"13.60",2019-01-09 14:57:27,29.39,32.5987
"589",-149.9129647762,-17.5183454342,"12.63",2019-01-09 14:57:42,29.39,32.603
"590",-149.9129519518,-17.518329341,"14.08",2019-01-09 14:57:57,29.39,32.6031
"591",-149.9129602499,-17.5183475297,"13.60",2019-01-09 14:58:12,29.4,32.613
"592",-149.9129577354,-17.5183494575,"14.08",2019-01-09 14:58:27,29.4,32.6296
"593",-149.9129697215,-17.5183435902,"14.56",2019-01-09 14:58:42,29.39,32.5995
"594",-149.9129544664,-17.5183534808,"14.08",2019-01-09 14:58:57,29.37,32.6629
"595",-149.9129471742,-17.5183549058,"15.52",2019-01-09 14:59:12,29.37,32.6589
"596",-149.9129525386,-17.5183468591,"7.35",2019-01-09 14:59:27,29.39,32.5836
"597",-149.912950024,-17.5183492061,"12.63",2019-01-09 14:59:42,29.39,32.6167
"598",-149.9129559752,-17.5183461048,"14.56",2019-01-09 14:59:57,29.37,32.6512
"599",-149.9129595794,-17.5183522236,"13.12",2019-01-09 15:00:12,29.37,32.6431
"600",-149.9129491858,-17.5183558278,"14.56",2019-01-09 15:00:27,29.37,32.6268
"601",-149.9129315,-17.5183698256,"15.04",2019-01-09 15:00:42,29.35,32.5994
"602",-149.9129149038,-17.5183397345,"13.60",2019-01-09 15:00:57,29.34,32.6476
"603",-149.9129128084,-17.5183058716,"14.08",2019-01-09 15:01:12,29.36,32.6093
"604",-149.9129033368,-17.5182780437,"14.08",2019-01-09 15:01:27,29.37,32.644
"605",-149.9128942844,-17.518239487,"14.08",2019-01-09 15:01:42,29.36,32.6221
"606",-149.9128771853,-17.5182035286,"14.56",2019-01-09 15:01:57,29.4,32.5619
"607",-149.9128661212,-17.5181722641,"14.56",2019-01-09 15:02:12,29.42,32.598
"608",-149.9128486868,-17.5181347132,"13.60",2019-01-09 15:02:27,29.45,32.5777
"609",-149.9128431547,-17.5181035325,"14.56",2019-01-09 15:02:42,29.51,32.5535
"610",-149.9128351919,-17.5180684961,"14.08",2019-01-09 15:02:57,29.5,32.5893
"611",-149.9128386285,-17.5180325378,"14.56",2019-01-09 15:03:12,29.55,32.4896
"612",-149.9128507823,-17.5179970823,"4.94",2019-01-09 15:03:27,29.49,32.5635
"613",-149.91283888,-17.5179687515,"13.12",2019-01-09 15:03:42,29.5,32.5157
"614",-149.9128262233,-17.5179451145,"14.56",2019-01-09 15:03:57,29.53,32.5531
"615",-149.9128222,-17.5179286022,"14.08",2019-01-09 15:04:12,29.59,32.5372
"616",-149.9128201883,-17.5179021154,"14.08",2019-01-09 15:04:27,29.6,32.4648
"617",-149.9128050171,-17.5178699289,"15.04",2019-01-09 15:04:42,29.6,32.506
"618",-149.9127972219,-17.517840676,"14.56",2019-01-09 15:04:57,29.63,32.5105
"619",-149.9127912708,-17.517801784,"14.56",2019-01-09 15:05:12,29.6,32.4817
"620",-149.9127727468,-17.5177756324,"16.48",2019-01-09 15:05:27,29.59,32.5298
"621",-149.9127581622,-17.5177685078,"16.00",2019-01-09 15:05:42,29.61,32.4547
"622",-149.9127208628,-17.517762389,"16.00",2019-01-09 15:05:57,29.61,32.5042
"623",-149.912673505,-17.5177431107,"14.08",2019-01-09 15:06:12,29.68,32.4652
"624",-149.9126351159,-17.5177256763,"14.56",2019-01-09 15:06:27,29.71,32.4287
"625",-149.9126274884,-17.5177246705,"13.12",2019-01-09 15:06:42,29.71,32.3878
"626",-149.912630925,-17.5176939927,"13.12",2019-01-09 15:06:57,29.71,32.4208
"627",-149.9126778636,-17.5176765583,"15.52",2019-01-09 15:07:12,29.72,32.4059
"628",-149.9127016682,-17.5176742952,"14.56",2019-01-09 15:07:27,29.69,32.3937
"629",-149.912743913,-17.5176840182,"14.56",2019-01-09 15:07:42,29.68,32.4333
"630",-149.9127569888,-17.5177221559,"15.04",2019-01-09 15:07:57,29.65,32.462
"631",-149.9127783626,-17.5177404284,"14.56",2019-01-09 15:08:12,29.65,32.4048
"632",-149.9127722438,-17.5177379977,"14.08",2019-01-09 15:08:27,29.64,32.4609
"633",-149.9127512053,-17.5177124329,"14.08",2019-01-09 15:08:42,29.6,32.5211
"634",-149.9127708189,-17.5176508259,"16.00",2019-01-09 15:08:57,29.61,32.4898
"635",-149.9127786141,-17.5176198967,"14.08",2019-01-09 15:09:12,29.58,32.4939
"636",-149.9127868284,-17.5176033843,"15.04",2019-01-09 15:09:27,29.56,32.5323
"637",-149.9128483515,-17.5176124368,"15.04",2019-01-09 15:09:42,29.53,32.483
"638",-149.9128597509,-17.5175997801,"12.63",2019-01-09 15:09:57,29.5,32.5652
"639",-149.9128670432,-17.5175654981,"14.08",2019-01-09 15:10:12,29.49,32.4981
"640",-149.912856482,-17.5175598823,"15.52",2019-01-09 15:10:27,29.47,32.5366
"641",-149.9128418975,-17.5175313,"14.08",2019-01-09 15:10:42,29.49,32.5561
"642",-149.9128359463,-17.5175351556,"14.08",2019-01-09 15:10:57,29.52,32.5029
"643",-149.9128174223,-17.5175269414,"16.00",2019-01-09 15:11:12,29.53,32.5292
"644",-149.9128017481,-17.5175282825,"15.52",2019-01-09 15:11:27,29.55,32.5322
"645",-149.9128113035,-17.5175172184,"15.04",2019-01-09 15:11:42,29.57,32.4695
"646",-149.9128262233,-17.5175323896,"14.56",2019-01-09 15:11:57,29.57,32.4943
"647",-149.9128417298,-17.5175254326,"14.56",2019-01-09 15:12:12,29.56,32.5507
"648",-149.9128616787,-17.5175060704,"14.56",2019-01-09 15:12:27,29.57,32.4946
"649",-149.9128561467,-17.5174867082,"16.00",2019-01-09 15:12:42,29.56,32.5263
"650",-149.912847681,-17.5175071601,"14.56",2019-01-09 15:12:57,29.56,32.5141
"651",-149.9128747545,-17.5175115187,"13.12",2019-01-09 15:13:12,29.52,32.5209
"652",-149.9129197653,-17.5175449625,"14.08",2019-01-09 15:13:27,29.5,32.5182
"653",-149.9129486829,-17.5175462198,"12.63",2019-01-09 15:13:42,29.44,32.5592
"654",-149.9129801989,-17.5175202359,"13.60",2019-01-09 15:13:57,29.41,32.5798
"655",-149.9130102899,-17.5175037235,"16.00",2019-01-09 15:14:12,29.42,32.5444
"656",-149.9130141456,-17.5175200682,"13.60",2019-01-09 15:14:27,29.42,32.561
"657",-149.9129879102,-17.5175379217,"14.08",2019-01-09 15:14:42,29.42,32.656
"658",-149.9129526224,-17.5175635703,"13.60",2019-01-09 15:14:57,29.42,32.6272
"659",-149.9129003193,-17.5175721198,"9.75",2019-01-09 15:15:12,29.45,32.5905
"660",-149.9128801189,-17.51756927,"12.63",2019-01-09 15:15:27,29.51,32.5457
"661",-149.9128551409,-17.5175925717,"13.60",2019-01-09 15:15:42,29.5,32.5238
"662",-149.9128607567,-17.5175951701,"12.63",2019-01-09 15:15:57,29.5,32.5528
"663",-149.9129025824,-17.5175819267,"13.12",2019-01-09 15:16:12,29.5,32.5365
"664",-149.912922699,-17.5175478123,"14.08",2019-01-09 15:16:27,29.43,32.5885
"665",-149.9129176699,-17.5175582897,"12.15",2019-01-09 15:16:42,29.48,32.5546
"666",-149.9128963798,-17.5175483152,"9.75",2019-01-09 15:16:57,29.5,32.5535
"667",-149.9128756765,-17.5175389275,"17.44",2019-01-09 15:17:12,29.51,32.5058
"668",-149.9128683005,-17.5175458007,"13.12",2019-01-09 15:17:27,29.53,32.5375
"669",-149.9128872436,-17.5175629836,"13.60",2019-01-09 15:17:42,29.5,32.4964
"670",-149.9128979724,-17.5175561942,"13.12",2019-01-09 15:17:57,29.52,32.4912
"671",-149.9129011575,-17.5175489858,"15.04",2019-01-09 15:18:12,29.51,32.5146
"672",-149.9128885847,-17.5175450463,"13.12",2019-01-09 15:18:27,29.5,32.5093
"673",-149.9128803704,-17.517563235,"13.12",2019-01-09 15:18:42,29.48,32.5683
"674",-149.9128799513,-17.5175635703,"13.12",2019-01-09 15:18:57,29.51,32.5357
"675",-149.9128858186,-17.5175752211,"13.60",2019-01-09 15:19:12,29.5,32.5591
"676",-149.9128894228,-17.5175745506,"14.08",2019-01-09 15:19:27,29.51,32.5484
"677",-149.9129080307,-17.5175509136,"13.60",2019-01-09 15:19:42,29.5,32.5143
"678",-149.9129152391,-17.5175490696,"13.12",2019-01-09 15:19:57,29.48,32.5568
"679",-149.9129075278,-17.5175579544,"13.60",2019-01-09 15:20:12,29.47,32.5761
"680",-149.9128874112,-17.5175605528,"9.27",2019-01-09 15:20:27,29.47,32.5598
"681",-149.912890261,-17.5175504107,"0.62",2019-01-09 15:20:42,29.49,32.5546
"682",-149.9128985591,-17.5175473094,"11.67",2019-01-09 15:20:57,29.44,32.5806
"683",-149.9129008222,-17.5175440405,"11.67",2019-01-09 15:21:12,29.48,32.5371
"684",-149.9129048456,-17.5175458845,"12.15",2019-01-09 15:21:27,29.48,32.5372
"685",-149.9128948711,-17.5175493211,"12.15",2019-01-09 15:21:42,29.48,32.5415
"686",-149.9128716532,-17.5175592955,"12.63",2019-01-09 15:21:57,29.49,32.5967
"687",-149.9128822982,-17.5175499916,"12.63",2019-01-09 15:22:12,29.49,32.568
"688",-149.9128812924,-17.5175520033,"12.63",2019-01-09 15:22:27,29.48,32.542
"689",-149.9128821306,-17.5175570324,"12.63",2019-01-09 15:22:42,29.5,32.578
"690",-149.9128812924,-17.5175543502,"13.60",2019-01-09 15:22:57,29.51,32.5508
"691",-149.9128738325,-17.5175530091,"13.12",2019-01-09 15:23:12,29.55,32.5155
"692",-149.9128742516,-17.5175545178,"12.63",2019-01-09 15:23:27,29.53,32.5457
"693",-149.9128869083,-17.5175532605,"12.63",2019-01-09 15:23:42,29.53,32.5294
"694",-149.9128915183,-17.5175563619,"12.63",2019-01-09 15:23:57,29.53,32.5132
"695",-149.9128853995,-17.5175536796,"12.15",2019-01-09 15:24:12,29.52,32.5489
"696",-149.9128872436,-17.5175614748,"12.15",2019-01-09 15:24:27,29.51,32.5024
"697",-149.912887495,-17.5175524224,"11.67",2019-01-09 15:24:42,29.5,32.5012
"698",-149.9128895067,-17.5175552722,"12.15",2019-01-09 15:24:57,29.51,32.5357
"699",-149.9128938653,-17.5175539311,"11.67",2019-01-09 15:25:12,29.5,32.5921
"700",-149.9128770176,-17.5175486505,"12.15",2019-01-09 15:25:27,29.52,32.5457
"701",-149.9128351081,-17.5175458007,"12.15",2019-01-09 15:25:42,29.53,32.5555
"702",-149.9127849843,-17.5175253488,"12.15",2019-01-09 15:25:57,29.55,32.5462
"703",-149.9127651192,-17.5175161287,"12.15",2019-01-09 15:26:12,29.59,32.5151
"704",-149.9127775244,-17.5174957607,"11.67",2019-01-09 15:26:27,29.59,32.4988
"705",-149.9127822183,-17.5174726266,"12.15",2019-01-09 15:26:42,29.61,32.469
"706",-149.9127865769,-17.5174517557,"12.63",2019-01-09 15:26:57,29.59,32.5403
"707",-149.9127517082,-17.5174387638,"13.12",2019-01-09 15:27:12,29.61,32.4447
"708",-149.9127544742,-17.5174347404,"12.63",2019-01-09 15:27:27,29.59,32.4544
"709",-149.9127833918,-17.5174249336,"12.63",2019-01-09 15:27:42,29.65,32.4385
"710",-149.9127912708,-17.5173870474,"12.63",2019-01-09 15:27:57,29.65,32.4756
"711",-149.9127989821,-17.517362237,"12.15",2019-01-09 15:28:12,29.64,32.4908
"712",-149.912776351,-17.5173556991,"12.63",2019-01-09 15:28:27,29.64,32.454
"713",-149.9127610121,-17.517391406,"12.15",2019-01-09 15:28:42,29.57,32.5057
"714",-149.9127657898,-17.5174341537,"12.15",2019-01-09 15:28:57,29.64,32.4707
"715",-149.9127541389,-17.517451169,"12.15",2019-01-09 15:29:12,29.61,32.4953
"716",-149.9127305858,-17.5174421165,"12.15",2019-01-09 15:29:27,29.64,32.4506
"717",-149.9127213657,-17.5174142048,"12.15",2019-01-09 15:29:42,29.65,32.4645
"718",-149.9126940407,-17.5173979439,"12.15",2019-01-09 15:29:57,29.63,32.47
"719",-149.9126756843,-17.5173964351,"11.67",2019-01-09 15:30:12,29.6,32.4658
"720",-149.9126932863,-17.517411774,"12.15",2019-01-09 15:30:27,29.65,32.4321
"721",-149.912732346,-17.5173951779,"11.67",2019-01-09 15:30:42,29.64,32.4391
"722",-149.9127473496,-17.5174046494,"11.67",2019-01-09 15:30:57,29.63,32.4789
"723",-149.9127568211,-17.5174489059,"12.15",2019-01-09 15:31:12,29.65,32.4737
"724",-149.9127306696,-17.5174692739,"12.15",2019-01-09 15:31:27,29.61,32.5092
"725",-149.9127090443,-17.5174846966,"12.15",2019-01-09 15:31:42,29.66,32.4509
"726",-149.9126875866,-17.517467849,"12.15",2019-01-09 15:31:57,29.66,32.4675
"727",-149.9127042666,-17.5174428709,"11.67",2019-01-09 15:32:12,29.66,32.4184
"728",-149.912725389,-17.5174097624,"12.15",2019-01-09 15:32:27,29.61,32.4606
"729",-149.9127695616,-17.5174476486,"12.15",2019-01-09 15:32:42,29.63,32.4965
"730",-149.912800407,-17.5174600538,"12.15",2019-01-09 15:32:57,29.64,32.4324
"731",-149.912787918,-17.5174236763,"12.15",2019-01-09 15:33:12,29.63,32.4558
"732",-149.9127883371,-17.5173951779,"11.19",2019-01-09 15:33:27,29.63,32.456
"733",-149.9128125608,-17.5173519272,"11.67",2019-01-09 15:33:42,29.61,32.4656
"734",-149.9128019996,-17.5173028093,"12.15",2019-01-09 15:33:57,29.59,32.4177
"735",-149.9128325097,-17.5172527693,"12.15",2019-01-09 15:34:12,29.6,32.4276
"736",-149.9128663726,-17.5172229297,"11.67",2019-01-09 15:34:27,29.59,32.4755
"737",-149.9129077792,-17.5171910785,"12.15",2019-01-09 15:34:42,29.55,32.5275
"738",-149.912943067,-17.5171640888,"11.67",2019-01-09 15:34:57,29.53,32.496
"739",-149.9129851442,-17.5171601493,"11.67",2019-01-09 15:35:12,29.45,32.567
"740",-149.9130159896,-17.5171213411,"12.15",2019-01-09 15:35:27,29.45,32.5261
"741",-149.9130303226,-17.5170721393,"12.15",2019-01-09 15:35:42,29.43,32.5687
"742",-149.9130547978,-17.517038947,"12.15",2019-01-09 15:35:57,29.42,32.5222
"743",-149.9130726513,-17.5170376897,"12.15",2019-01-09 15:36:12,29.45,32.5184
"744",-149.9130911753,-17.5170537829,"11.67",2019-01-09 15:36:27,29.43,32.5404
"745",-149.9131011497,-17.5170899089,"11.67",2019-01-09 15:36:42,29.41,32.5131
"746",-149.9130907562,-17.5171531923,"11.67",2019-01-09 15:36:57,29.4,32.5694
"747",-149.9130743276,-17.5172018912,"11.19",2019-01-09 15:37:12,29.4,32.5737
"748",-149.9130608328,-17.5172619056,"11.19",2019-01-09 15:37:27,29.4,32.5944
"749",-149.913048679,-17.5173079222,"11.19",2019-01-09 15:37:42,29.4,32.5576
"750",-149.9130195938,-17.5173566211,"12.15",2019-01-09 15:37:57,29.4,32.603
"751",-149.9130055122,-17.5173890591,"12.15",2019-01-09 15:38:12,29.42,32.5648
"752",-149.913026467,-17.5174186472,"12.15",2019-01-09 15:38:27,29.4,32.5416
"753",-149.9130410515,-17.5174444634,"12.15",2019-01-09 15:38:42,29.41,32.5844
"754",-149.9130490981,-17.5174697768,"12.15",2019-01-09 15:38:57,29.4,32.6284
"755",-149.9130609166,-17.5175015442,"11.67",2019-01-09 15:39:12,29.35,32.638
"756",-149.9130552169,-17.517540101,"11.67",2019-01-09 15:39:27,29.36,32.6313
"757",-149.9130300712,-17.517589638,"11.67",2019-01-09 15:39:42,29.35,32.5847
"758",-149.9130081106,-17.5176235009,"11.67",2019-01-09 15:39:57,29.32,32.6467
"759",-149.9130066019,-17.5176672544,"11.19",2019-01-09 15:40:12,29.32,32.6221
"760",-149.9130076915,-17.5177026261,"11.19",2019-01-09 15:40:27,29.35,32.6018
"761",-149.9130227789,-17.5177271012,"11.19",2019-01-09 15:40:42,29.37,32.6088
"762",-149.9130390398,-17.5177399255,"11.19",2019-01-09 15:40:57,29.32,32.6144
"763",-149.9130480085,-17.5177630596,"10.71",2019-01-09 15:41:12,29.32,32.664
"764",-149.9130581506,-17.5177792367,"10.71",2019-01-09 15:41:27,29.3,32.6407
"765",-149.9130391236,-17.5178381614,"10.71",2019-01-09 15:41:42,29.31,32.6629
"766",-149.9129869882,-17.5178963318,"10.71",2019-01-09 15:41:57,29.33,32.6329
"767",-149.9129630998,-17.5179516524,"10.23",2019-01-09 15:42:12,29.35,32.6112
"768",-149.9129681289,-17.5179772172,"10.71",2019-01-09 15:42:27,29.34,32.6429
"769",-149.912975505,-17.5180113316,"10.23",2019-01-09 15:42:42,29.34,32.5978
"770",-149.912985228,-17.5180448592,"10.23",2019-01-09 15:42:57,29.33,32.6048
"771",-149.9129853118,-17.5180725195,"10.23",2019-01-09 15:43:12,29.31,32.6021
"772",-149.9129908439,-17.5181037001,"10.71",2019-01-09 15:43:27,29.34,32.6767
"773",-149.9130114634,-17.5181539916,"10.71",2019-01-09 15:43:42,29.3,32.5969
"774",-149.91300283,-17.518243175,"10.71",2019-01-09 15:43:57,29.32,32.6329
"775",-149.9129766785,-17.5183173548,"10.71",2019-01-09 15:44:12,29.33,32.6716
"776",-149.9129344337,-17.5183671433,"10.23",2019-01-09 15:44:27,29.34,32.669
"777",-149.9128833041,-17.5184206199,"10.71",2019-01-09 15:44:42,29.28,32.6525
"778",-149.9128429871,-17.5184721686,"10.71",2019-01-09 15:44:57,29.3,32.639
"779",-149.9128007423,-17.5185236335,"10.23",2019-01-09 15:45:12,29.36,32.5982
"780",-149.9127680529,-17.5185553171,"10.71",2019-01-09 15:45:27,29.43,32.5013
"781",-149.9127311725,-17.5185961369,"10.71",2019-01-09 15:45:42,29.45,32.5742
"782",-149.9127052724,-17.5186297484,"10.23",2019-01-09 15:45:57,29.49,32.5389
"783",-149.9127001595,-17.5186353642,"10.23",2019-01-09 15:46:12,29.52,32.5393
"784",-149.9126882572,-17.5186476018,"10.71",2019-01-09 15:46:27,29.51,32.5216
"785",-149.9126730021,-17.5186501164,"10.23",2019-01-09 15:46:42,29.49,32.5476
"786",-149.9126587529,-17.5186569896,"10.23",2019-01-09 15:46:57,29.53,32.5412
"787",-149.9126483593,-17.5186588336,"10.23",2019-01-09 15:47:12,29.57,32.5306
"788",-149.9126369599,-17.5186615158,"10.23",2019-01-09 15:47:27,29.61,32.4995
"789",-149.9126165081,-17.5186595879,"10.23",2019-01-09 15:47:42,29.63,32.3184
"790",-149.9125991575,-17.5186562352,"10.23",2019-01-09 15:47:57,29.5,31.4075
"791",-149.912595721,-17.5186594203,"9.75",2019-01-09 15:48:12,29.45,30.9163
"792",-149.9125868361,-17.5186545588,"10.23",2019-01-09 15:48:27,29.4,30.7496
"793",-149.9125670549,-17.518657241,"9.75",2019-01-09 15:48:42,29.31,29.9491
"794",-149.912577197,-17.5186722446,"9.27",2019-01-09 15:48:57,28.89,27.739
"795",-149.9125912786,-17.5186890084,"9.27",2019-01-09 15:49:12,29.43,31.4465
"796",-149.9126007501,-17.5187078677,"8.79",2019-01-09 15:49:27,29.35,30.9251
"797",-149.9126374628,-17.5187570695,"8.79",2019-01-09 15:49:42,29.47,31.6194
"798",-149.9126818869,-17.5188182574,"9.27",2019-01-09 15:49:57,29.39,31.0927
"799",-149.9127255566,-17.518884223,"9.27",2019-01-09 15:50:12,29.51,32.5775
"800",-149.9127650354,-17.5189659465,"8.79",2019-01-09 15:50:27,29.37,32.632
"801",-149.9127937015,-17.5190360192,"9.27",2019-01-09 15:50:42,29.27,32.6717
"802",-149.9127970543,-17.5190594885,"9.27",2019-01-09 15:50:57,29.35,32.6501
"803",-149.912819434,-17.5190829579,"9.27",2019-01-09 15:51:12,29.34,32.653
"804",-149.9128176738,-17.5190705527,"9.27",2019-01-09 15:51:27,29.34,32.6738
"805",-149.9128344376,-17.5190820359,"9.27",2019-01-09 15:51:42,29.33,32.6767
"806",-149.9128650315,-17.5191341713,"8.79",2019-01-09 15:51:57,29.34,32.6412
"807",-149.9128584936,-17.5192096923,"8.79",2019-01-09 15:52:12,29.39,32.6567
"808",-149.9128558952,-17.5192158949,"9.27",2019-01-09 15:52:27,29.39,32.5744
"809",-149.9128522072,-17.5192155596,"8.79",2019-01-09 15:52:42,29.39,32.6117
"810",-149.9128376227,-17.5192167331,"8.79",2019-01-09 15:52:57,29.37,32.6667
"811",-149.9128272291,-17.5192339998,"8.79",2019-01-09 15:53:12,29.4,32.6381
"812",-149.9128278997,-17.5192243606,"8.79",2019-01-09 15:53:27,29.37,32.6506
"813",-149.9128177576,-17.5192089379,"8.79",2019-01-09 15:53:42,29.36,32.6989
"814",-149.9128070287,-17.519205166,"8.79",2019-01-09 15:53:57,29.37,32.6591
"815",-149.9128247146,-17.5192106143,"8.79",2019-01-09 15:54:12,29.36,32.6579
"816",-149.9128232058,-17.5192279648,"8.31",2019-01-09 15:54:27,29.36,32.6663
"817",-149.9128111359,-17.5192153081,"8.31",2019-01-09 15:54:42,29.37,32.6432
"818",-149.9128114711,-17.5192117877,"8.31",2019-01-09 15:54:57,29.36,32.6666
"819",-149.9128117226,-17.5192138832,"8.79",2019-01-09 15:55:12,29.36,32.6586
"820",-149.9128198531,-17.5192062557,"8.31",2019-01-09 15:55:27,29.37,32.6354
"821",-149.9128162488,-17.5192202535,"8.31",2019-01-09 15:55:42,29.37,32.6521
"822",-149.9128158297,-17.5192011427,"8.79",2019-01-09 15:55:57,29.37,32.6192
"823",-149.9128174223,-17.5191978738,"8.79",2019-01-09 15:56:12,29.36,32.6427
"824",-149.9128361139,-17.5192400347,"8.31",2019-01-09 15:56:27,29.36,32.6388
"825",-149.9128392152,-17.5192411244,"8.31",2019-01-09 15:56:42,29.36,32.6349
"826",-149.912820356,-17.5192103628,"8.31",2019-01-09 15:56:57,29.36,32.6433
"827",-149.9128113873,-17.5192034058,"8.79",2019-01-09 15:57:12,29.36,32.6434
"828",-149.9128163327,-17.5192088541,"8.79",2019-01-09 15:57:27,29.35,32.601
"829",-149.9128056038,-17.5192133803,"6.87",2019-01-09 15:57:42,29.34,32.6864
"830",-149.9128095433,-17.5192266237,"0.62",2019-01-09 15:57:57,29.36,32.6481
"831",-149.9128288217,-17.5192371849,"8.31",2019-01-09 15:58:12,29.34,32.7074
"832",-149.9128321745,-17.5192335807,"8.79",2019-01-09 15:58:27,29.35,32.6552
"833",-149.9128420651,-17.5192411244,"8.31",2019-01-09 15:58:42,29.31,32.6828
"834",-149.91283888,-17.5192451477,"8.79",2019-01-09 15:58:57,29.32,32.6679
"835",-149.9128136504,-17.519237604,"8.79",2019-01-09 15:59:12,29.33,32.6984
"836",-149.9128145725,-17.519242717,"8.79",2019-01-09 15:59:27,29.33,32.711
"837",-149.9128355272,-17.5192434713,"9.27",2019-01-09 15:59:42,29.3,32.6573
"838",-149.912832845,-17.5192469079,"9.27",2019-01-09 15:59:57,29.32,32.6768
"839",-149.9128341861,-17.5192452315,"9.27",2019-01-09 16:00:12,29.33,32.6495
"840",-149.9128255527,-17.5192358438,"8.79",2019-01-09 16:00:27,29.33,32.6827
"841",-149.9128236249,-17.5192295574,"8.79",2019-01-09 16:00:42,29.33,32.6829
"842",-149.9128258042,-17.5192277133,"8.79",2019-01-09 16:00:57,29.33,32.6665
"843",-149.9128128961,-17.5192307308,"8.79",2019-01-09 16:01:12,29.34,32.6598
"844",-149.9128066096,-17.519226037,"8.79",2019-01-09 16:01:27,29.35,32.6656
"845",-149.9128260557,-17.5192106143,"8.79",2019-01-09 16:01:42,29.35,32.641
"846",-149.9128098786,-17.5191775057,"9.27",2019-01-09 16:01:57,29.35,32.7238
"847",-149.9127822183,-17.5191423018,"9.27",2019-01-09 16:02:12,29.34,32.6482
"848",-149.9128252175,-17.5191360153,"9.27",2019-01-09 16:02:27,29.3,32.7253
"849",-149.9128694739,-17.5191348419,"8.79",2019-01-09 16:02:42,29.33,32.7008
"850",-149.912905097,-17.5191275496,"9.27",2019-01-09 16:02:57,29.37,32.6446
"851",-149.9129252974,-17.5191014819,"9.27",2019-01-09 16:03:12,29.4,32.6573
"852",-149.9129322544,-17.5190674514,"9.27",2019-01-09 16:03:27,29.4,32.674
"853",-149.912942145,-17.5190249551,"9.75",2019-01-09 16:03:42,29.4,32.6577
"854",-149.9129316676,-17.5189757533,"9.27",2019-01-09 16:03:57,29.41,32.6593
"855",-149.9129083659,-17.5189340115,"9.27",2019-01-09 16:04:12,29.4,32.6374
"856",-149.912899565,-17.5188959576,"9.27",2019-01-09 16:04:27,29.39,32.665
"857",-149.9128742516,-17.5188608374,"9.75",2019-01-09 16:04:42,29.37,32.7203
"858",-149.9128568172,-17.5188219454,"8.79",2019-01-09 16:04:57,29.36,32.6653
"859",-149.912841646,-17.51878649,"9.27",2019-01-09 16:05:12,29.34,32.6502
"860",-149.9128105491,-17.5187520403,"9.27",2019-01-09 16:05:27,29.32,32.6723
"861",-149.9127820507,-17.51871516,"9.27",2019-01-09 16:05:42,29.3,32.6737
"862",-149.9127530493,-17.5186756812,"8.79",2019-01-09 16:05:57,29.34,32.659
"863",-149.9127458408,-17.5186385494,"8.79",2019-01-09 16:06:12,29.47,32.5704
"864",-149.9127275683,-17.5185999926,"8.79",2019-01-09 16:06:27,29.52,32.5366
"865",-149.912693454,-17.518570153,"8.79",2019-01-09 16:06:42,29.55,32.5493
"866",-149.9126926158,-17.5185337756,"8.79",2019-01-09 16:06:57,29.56,32.5015
"867",-149.912693454,-17.5185264833,"9.27",2019-01-09 16:07:12,29.57,32.4949
"868",-149.912693454,-17.5185346138,"8.79",2019-01-09 16:07:27,29.58,32.5047
"869",-149.9126897659,-17.518545175,"5.91",2019-01-09 16:07:42,29.58,32.5008
"870",-149.9126831442,-17.5185325183,"4.46",2019-01-09 16:07:57,29.58,32.5215
"871",-149.9126936216,-17.5185344461,"7.83",2019-01-09 16:08:12,29.57,32.512
"872",-149.9126921128,-17.518535452,"8.79",2019-01-09 16:08:27,29.55,32.5422
"873",-149.9126909394,-17.5185246393,"8.31",2019-01-09 16:08:42,29.53,32.5478
"874",-149.9126939569,-17.5185378827,"8.79",2019-01-09 16:08:57,29.53,32.515
"875",-149.9126780313,-17.518523382,"8.79",2019-01-09 16:09:12,29.53,32.5316
"876",-149.9126864132,-17.5185212865,"9.27",2019-01-09 16:09:27,29.53,32.5483
"877",-149.9126733374,-17.5185308419,"8.79",2019-01-09 16:09:42,29.52,32.5306
"878",-149.9126752652,-17.5185281597,"8.79",2019-01-09 16:09:57,29.55,32.5226
"879",-149.9126928672,-17.5185244717,"8.79",2019-01-09 16:10:12,29.5,32.5609
"880",-149.9126861617,-17.5185276568,"8.31",2019-01-09 16:10:27,29.53,32.5736
"881",-149.9126919452,-17.518541906,"8.79",2019-01-09 16:10:42,29.53,32.545
"882",-149.9126931187,-17.5185440853,"8.31",2019-01-09 16:10:57,29.55,32.5439
"883",-149.9126898497,-17.5185461808,"8.31",2019-01-09 16:11:12,29.52,32.5439
"884",-149.9126952142,-17.5185343623,"8.79",2019-01-09 16:11:27,29.53,32.5743
"885",-149.912689263,-17.5185337756,"7.83",2019-01-09 16:11:42,29.52,32.5772
"886",-149.9126888439,-17.5185505394,"8.31",2019-01-09 16:11:57,29.53,32.5211
"887",-149.9126880057,-17.5185405649,"8.31",2019-01-09 16:12:12,29.52,32.5775
"888",-149.9126956332,-17.5185342785,"8.31",2019-01-09 16:12:27,29.53,32.5092
"889",-149.9126911908,-17.5185379665,"8.31",2019-01-09 16:12:42,29.48,32.49
"890",-149.9126863293,-17.5185128208,"8.31",2019-01-09 16:12:57,29.51,32.5602
"891",-149.9126890115,-17.5185165089,"8.31",2019-01-09 16:13:12,29.52,32.5535
"892",-149.9126724154,-17.5184782036,"7.83",2019-01-09 16:13:27,29.51,32.5852
"893",-149.9126352835,-17.5184796285,"8.31",2019-01-09 16:13:42,29.51,32.5853
"894",-149.9126018398,-17.518470576,"7.83",2019-01-09 16:13:57,29.52,32.5458
"895",-149.9125967268,-17.518445095,"8.31",2019-01-09 16:14:12,29.47,32.58
"896",-149.9125844892,-17.5184181053,"7.83",2019-01-09 16:14:27,29.49,32.5665
"897",-149.9125562422,-17.5184114836,"8.31",2019-01-09 16:14:42,28.44,27.4018
"898",-149.9125226308,-17.5183889363,"8.31",2019-01-09 16:14:57,28.22,26.5823
"899",-149.9125162605,-17.5183694065,"8.31",2019-01-09 16:15:12,28.03,25.6509
"900",-149.9125217088,-17.5183613598,"8.31",2019-01-09 16:15:27,28.37,27.2782
"901",-149.9125101417,-17.5183752738,"8.31",2019-01-09 16:15:42,29.16,30.8472
"902",-149.9125212897,-17.5183590129,"8.31",2019-01-09 16:15:57,29.32,31.4628
"903",-149.9125249777,-17.5183595158,"8.79",2019-01-09 16:16:12,29.24,31.0591
"904",-149.9125097226,-17.5183823984,"8.31",2019-01-09 16:16:27,29.28,31.2389
"905",-149.9125118181,-17.5183901936,"8.31",2019-01-09 16:16:42,28.12,24.9645
"906",-149.9125150871,-17.5183836557,"8.31",2019-01-09 16:16:57,28.09,25.2858
"907",-149.9125144165,-17.5183744356,"7.83",2019-01-09 16:17:12,28.36,27.4949
"908",-149.9124946352,-17.5183609407,"7.83",2019-01-09 16:17:27,28.79,29.6025
"909",-149.9125001673,-17.5183609407,"7.83",2019-01-09 16:17:42,29.09,30.9313
"910",-149.912502598,-17.5183387287,"8.31",2019-01-09 16:17:57,29.28,31.5643
"911",-149.9125169311,-17.518327916,"7.83",2019-01-09 16:18:12,29.48,32.465
"912",-149.9125386402,-17.5182988308,"8.31",2019-01-09 16:18:27,29.53,32.5173
"913",-149.9125366285,-17.5182571728,"8.31",2019-01-09 16:18:42,29.55,32.4876
"914",-149.9125191942,-17.5182150956,"7.83",2019-01-09 16:18:57,29.57,32.4905
"915",-149.9124852475,-17.5181844179,"8.31",2019-01-09 16:19:12,29.57,32.5194
"916",-149.9124678131,-17.5181563385,"8.31",2019-01-09 16:19:27,29.61,32.4638
"917",-149.9124207068,-17.5181705877,"8.31",2019-01-09 16:19:42,29.6,32.4584
"918",-149.912396064,-17.518121805,"8.31",2019-01-09 16:19:57,29.61,32.4887
"919",-149.9123763666,-17.5181057956,"8.79",2019-01-09 16:20:12,29.6,32.4629
"920",-149.9123535678,-17.5180969946,"8.79",2019-01-09 16:20:27,29.6,32.4836
"921",-149.9123150948,-17.5180731062,"8.31",2019-01-09 16:20:42,29.69,32.3369
"922",-149.9123110715,-17.518050056,"7.83",2019-01-09 16:20:57,29.73,32.3509
"923",-149.9123000074,-17.5180121697,"8.31",2019-01-09 16:21:12,29.71,32.2668
"924",-149.9123169389,-17.5179803185,"8.31",2019-01-09 16:21:27,29.71,32.3077
"925",-149.9123213813,-17.5179466233,"8.31",2019-01-09 16:21:42,29.67,32.3022
"926",-149.9123164359,-17.5179126766,"7.83",2019-01-09 16:21:57,29.71,32.2714
"927",-149.9123178609,-17.5178836752,"8.79",2019-01-09 16:22:12,29.76,32.2827
"928",-149.9123202916,-17.5178433582,"8.31",2019-01-09 16:22:27,29.73,32.2989
"929",-149.9123056233,-17.5178140216,"7.83",2019-01-09 16:22:42,29.68,32.3614
"930",-149.9122996721,-17.5177757163,"8.31",2019-01-09 16:22:57,29.69,32.3711
"931",-149.9122939724,-17.5177281909,"8.31",2019-01-09 16:23:12,29.64,32.3234
"932",-149.9122953136,-17.5176916458,"8.31",2019-01-09 16:23:27,29.66,32.359
"933",-149.9123011809,-17.5176661648,"7.83",2019-01-09 16:23:42,29.61,32.3725
"934",-149.9123019353,-17.5176233333,"8.31",2019-01-09 16:23:57,29.59,32.3414
"935",-149.9122764543,-17.5175721198,"8.31",2019-01-09 16:24:12,29.61,32.3322
"936",-149.9122912902,-17.5175589602,"8.31",2019-01-09 16:24:27,29.56,32.4109
"937",-149.9122915417,-17.5175737962,"8.79",2019-01-09 16:24:42,29.61,32.4263
"938",-149.912300678,-17.517572958,"8.31",2019-01-09 16:24:57,29.6,32.3883
"939",-149.912315011,-17.5175741315,"7.83",2019-01-09 16:25:12,29.61,32.3817
"940",-149.9122943077,-17.5175728742,"7.83",2019-01-09 16:25:27,29.6,32.3724
"941",-149.912283998,-17.5175640732,"8.31",2019-01-09 16:25:42,29.6,32.4052
"942",-149.9122914579,-17.5175648276,"7.83",2019-01-09 16:25:57,29.61,32.4108
"943",-149.9122965708,-17.5175654143,"8.31",2019-01-09 16:26:12,29.61,32.3498
"944",-149.9122942239,-17.5175633188,"8.79",2019-01-09 16:26:27,29.6,32.369
"945",-149.9122870993,-17.5175671745,"8.31",2019-01-09 16:26:42,29.6,32.4181
"946",-149.9122976605,-17.5175718684,"8.31",2019-01-09 16:26:57,29.61,32.3666
"947",-149.9122884404,-17.5175814237,"8.31",2019-01-09 16:27:12,29.6,32.3695
"948",-149.9122965708,-17.5175894704,"8.31",2019-01-09 16:27:27,29.61,32.3629
"949",-149.912285842,-17.5175628159,"8.79",2019-01-09 16:27:42,29.6,32.4188
"950",-149.9122782983,-17.517564157,"8.31",2019-01-09 16:27:57,29.6,32.3741
"951",-149.912275197,-17.5175569486,"8.79",2019-01-09 16:28:12,29.57,32.4272
"952",-149.9122787174,-17.5175662525,"8.79",2019-01-09 16:28:27,29.59,32.4138
"953",-149.9122906197,-17.5175670069,"8.79",2019-01-09 16:28:42,29.61,32.3596
"954",-149.9122836627,-17.517562313,"8.31",2019-01-09 16:28:57,29.64,32.3477
"NA.1",NA,NA,NA,NA,NA,NA
"956",-149.9122827407,-17.5175662525,"8.31",2019-01-09 16:29:27,29.53,32.402
"957",-149.9122874346,-17.517559547,"8.79",2019-01-09 16:29:42,29.56,32.4104
"958",-149.9122791365,-17.5175627321,"8.79",2019-01-09 16:29:57,29.56,32.3616
"959",-149.9123005103,-17.5175599661,"8.31",2019-01-09 16:30:12,29.56,32.4271
"960",-149.912326159,-17.5175286178,"8.79",2019-01-09 16:30:27,29.55,32.434
"961",-149.9123208784,-17.5174958445,"8.31",2019-01-09 16:30:42,29.56,32.4438
"962",-149.912309479,-17.5174580421,"8.79",2019-01-09 16:30:57,29.52,32.3771
"963",-149.9123342894,-17.5174209103,"7.83",2019-01-09 16:31:12,29.58,32.3531
"964",-149.9123337865,-17.5174009614,"8.79",2019-01-09 16:31:27,29.59,32.4732
"965",-149.9123192858,-17.5174049009,"8.31",2019-01-09 16:31:42,29.58,32.3738
"966",-149.9123174418,-17.5174186472,"8.31",2019-01-09 16:31:57,29.6,32.3889
"967",-149.9123070482,-17.517429376,"8.31",2019-01-09 16:32:12,29.6,32.4259
"968",-149.9123005103,-17.5174262747,"8.31",2019-01-09 16:32:27,29.58,32.3661
"969",-149.9123016,-17.5174209103,"8.31",2019-01-09 16:32:42,29.61,32.4605
"970",-149.9123190343,-17.5174323935,"7.83",2019-01-09 16:32:57,29.6,32.3896
"971",-149.9123120774,-17.5174245145,"8.31",2019-01-09 16:33:12,29.6,32.3857
"972",-149.9123161007,-17.5174090918,"8.31",2019-01-09 16:33:27,29.59,32.3926
"973",-149.9123118259,-17.5173997879,"8.31",2019-01-09 16:33:42,29.59,32.4582
"974",-149.9123183638,-17.5174049009,"8.31",2019-01-09 16:33:57,29.57,32.4474
"975",-149.9123268295,-17.517406242,"8.31",2019-01-09 16:34:12,29.59,32.4586
"976",-149.9123124126,-17.5174103491,"8.31",2019-01-09 16:34:27,29.52,32.4612
"977",-149.9123062938,-17.5174002908,"8.31",2019-01-09 16:34:42,29.53,32.4505
"978",-149.9123100657,-17.5174018834,"8.79",2019-01-09 16:34:57,29.57,32.3991
"979",-149.9123129155,-17.5174146239,"8.79",2019-01-09 16:35:12,29.58,32.4047
"980",-149.912335882,-17.5174101815,"8.79",2019-01-09 16:35:27,29.59,32.4267
"981",-149.9123313557,-17.5174168032,"8.79",2019-01-09 16:35:42,29.58,32.4377
"982",-149.9123313557,-17.5174323935,"8.31",2019-01-09 16:35:57,29.56,32.4024
"983",-149.9123211298,-17.5174374226,"8.79",2019-01-09 16:36:12,29.59,32.4109
"984",-149.9123157654,-17.5174457207,"8.79",2019-01-09 16:36:27,29.57,32.4082
"985",-149.912314089,-17.5174540188,"8.31",2019-01-09 16:36:42,29.6,32.4208
"986",-149.9123260751,-17.5174476486,"8.31",2019-01-09 16:36:57,29.59,32.4114
"987",-149.9123275839,-17.5174628198,"8.31",2019-01-09 16:37:12,29.58,32.4019
"988",-149.9122962356,-17.517458545,"8.31",2019-01-09 16:37:27,29.56,32.4197
"989",-149.9122350477,-17.5174536835,"8.79",2019-01-09 16:37:42,29.48,32.4251
"990",-149.9122394063,-17.5174571201,"8.79",2019-01-09 16:37:57,29.33,32.1498
"992",-149.9122380652,-17.5174505822,"8.79",2019-01-09 16:38:27,29.23,31.1713
"993",-149.9122400768,-17.5174479838,"8.31",2019-01-09 16:38:42,29.32,32.2013
"994",-149.9122195411,-17.5174515042,"8.31",2019-01-09 16:38:57,29.4,32.208
"995",-149.9122228101,-17.517459048,"8.31",2019-01-09 16:39:12,29.24,32.0588
"996",-149.9122230615,-17.5174706988,"8.79",2019-01-09 16:39:27,29.3,32.1267
"997",-149.912197832,-17.5174676813,"8.79",2019-01-09 16:39:42,29.25,32.1526
